Customer_ID,Customer_Name,Gender,Age,City,State,Region,Signup_Date
C00001,Ira Khan,Male,46.0,Nashik,Maharashtra,West,2024-01-29
C00002,Ira Kulkarni,Female,25.0,Kochi,Kerala,South,2024-05-15
C00003,Vivaan Sharma,Female,22.0,Kolkata,West Bengal,East,2025-09-16
C00004,Manav Gupta,Male,47.0,Chennai,Tamil Nadu,South,2024-12-27
C00005,Karan Shah,Female,18.0,Nashik,Maharashtra,West,2024-10-19
C00006,Manav Singh,Male,52.0,Kolkata,West Bengal,East,2024-10-18
C00007,Arjun Nair,Male,63.0,Warangal,Telangana,South,2024-02-28
C00008,Riya Kulkarni,Male,30.0,Madurai,Tamil Nadu,South,2025-01-26
C00009,Aditya Gupta,Male,50.0,Nagpur,Maharashtra,West,2024-06-10
C00010,Aarav Malhotra,Female,32.0,Nagpur,Maharashtra,West,2025-04-23
C00011,Kavya Sharma,Female,21.0,Mangaluru,Karnataka,South,2025-08-24
C00012,Rahul Malhotra,Female,41.0,mumbai,Gujarat,West,2025-12-08
C00013,Rahul Kulkarni,Female,52.0,Mysuru,Karnataka,South,2025-12-27
C00014,Arjun Mehta,Male,51.0,Kozhikode,Kerala,South,2024-04-05
C00015,Aditya Sharma,Female,50.0,New Delhi,Delhi,North,2025-09-12
C00016,Priya Nair,Female,43.0,Mysuru,Karnataka,South,2025-07-29
C00017,Karan Desai,Male,45.0,Pune,Maharashtra,West,2025-01-28
C00018,Kabir Sharma,Other,44.0,Rajkot,Gujarat,West,2025-11-10
C00019,Priya Khan,Male,60.0,Kochi,Kerala,South,2025-10-27
C00020,Aarav Shah,Female,41.0,Thiruvananthapuram,Kerala,South,2024-07-28
C00021,Arjun Khan,Male,54.0,Pune,Maharashtra,West,2024-05-09
C00022,Ira Sharma,Female,22.0,Chennai,Tamil Nadu,South,2025-07-02
C00023,Vivaan Patel,Female,45.0,Coimbatore,Tamil Nadu,South,2024-03-11
C00024,Karan Desai,Female,44.0,Kochi,Kerala,South,2025-02-01
C00025,Ira Joshi,Female,36.0,Coimbatore,Tamil Nadu,South,2024-07-04
C00026,Aditya Gupta,Male,48.0,Dombivli,Maharashtra,West,2024-10-28
C00027,Priya Mehta,Female,26.0,Jaipur,Rajasthan,North,2024-12-01
C00028,Kabir Singh,Male,32.0,Udaipur,Rajasthan,North,2026-02-21
C00029,Manav Mehta,Male,58.0, Mumbai ,Maharashtra,West,2024-01-26
C00030,Sneha Singh,Other,43.0,Warangal,Telangana,South,2024-10-19
C00031,Arjun Khan,Female,44.0,Jodhpur,Rajasthan,North,2025-01-05
C00032,Riya Kulkarni,Female,19.0,Coimbatore,Tamil Nadu,South,2024-11-22
C00033,Manav Gupta,Female,39.0,Lucknow,Uttar Pradesh,North,2025-03-31
C00034,Ananya Kulkarni,Male,48.0,Kolkata,West Bengal,East,2025-05-12
C00035,Ira Sharma,Female,27.0,Lucknow,Uttar Pradesh,North,2024-08-07
C00036,Aarav Malhotra,Female,50.0,Nashik,Maharashtra,West,2025-05-26
C00037,Aditya Iyer,Other,31.0,Dombivli,Maharashtra,West,2025-07-12
C00038,Meera Patel,Female,20.0,Mumbai,Maharashtra,West,2025-09-29
C00039,Ananya Patel,Female,36.0,Bengaluru,Karnataka,South,2025-07-04
C00040,Ananya Nair,Female,35.0,Agra,Uttar Pradesh,North,2024-08-26
C00041,Rahul Mehta,Female,57.0,Pune,maharashtra,West,2025-12-06
C00042,Vivaan Singh,Male,24.0,New Delhi,Delhi,North,2024-04-03
C00043,Arjun Verma,Male,48.0,Mysuru,Karnataka,South,2024-12-12
C00044,Rahul Iyer,Male,53.0,Jaipur,Rajasthan,North,2026-02-23
C00045,Aarav Desai,Female,38.0,Jodhpur,Rajasthan,North,2024-01-11
C00046,Priya Verma,Male,28.0,Nashik,Maharashtra,West,2026-03-10
C00047,Aarav Desai,Female,46.0,New Delhi,Delhi,North,2026-01-10
C00048,Ira Singh,Male,31.0,Kolkata,West Bengal,East,2026-02-10
C00049,Neha Nair,Female,22.0,Madurai,Tamil Nadu,South,2024-08-22
C00050,Priya Singh,Male,30.0,Chennai,Tamil Nadu,South,2024-09-26
C00051,Neha Singh,Other,48.0,Coimbatore,Tamil Nadu,South,2024-12-21
C00052,Kavya Shah,Male,40.0,Kanpur,Uttar Pradesh,North,2024-01-13
C00053,Ananya Singh,Male,59.0,Mangaluru,Karnataka,South,2025-04-01
C00054,Karan Rathod,Male,52.0,Lucknow,Uttar Pradesh,North,2025-12-26
C00055,Diya Joshi,Male,60.0,Mysuru,Karnataka,South,2024-01-13
C00056,Rohan Iyer,Female,27.0,Bengaluru,Karnataka,South,2025-12-23
C00057,Arjun Gupta,Male,61.0,Dombivli,Maharashtra,West,2025-05-15
C00058,Riya Patel,Female,44.0,Thiruvananthapuram,Kerala,South,2025-10-19
C00059,Riya Malhotra,Male,50.0,Warangal,Telangana,South,2024-10-16
C00060,Sneha Khan,Female,63.0,Noida,Uttar Pradesh,North,2024-08-23
C00061,Manav Joshi,Female,26.0,Madurai,Tamil Nadu,South,2024-08-28
C00062,Ananya Nair,Female,48.0,Warangal,Telangana,South,2025-04-07
C00063,Riya Patel,Female,45.0,Kolkata,West Bengal,East,2025-08-03
C00064,Aarav Gupta,Male,32.0,Pune,Maharashtra,West,2025-07-21
C00065,Priya Shah,Female,41.0,Kolkata,West Bengal,East,2024-02-05
C00066,Manav Gupta,female,19.0,Pune,Maharashtra,West,2024-03-13
C00067,Aisha Iyer,Female,60.0,New Delhi,Delhi,North,2025-12-17
C00068,Manav Patel,Male,35.0,Mangaluru,Karnataka,South,2024-12-13
C00069,Rahul Khan,Male,40.0,Thane,Maharashtra,West,2024-10-07
C00070,Kabir Rathod,Male,56.0,New Delhi,Delhi,North,2024-03-28
C00071,Arjun Mehta,Male,25.0,Vadodara,Gujarat,West,2024-09-23
C00072,Ira Mehta,Male,38.0,Pune,Maharashtra,West,2024-03-07
C00073,Aisha Desai,Female,60.0,Agra,Uttar Pradesh,North,2025-04-02
C00074,Ira Verma,Male,51.0,Thane,Maharashtra,West,2025-02-04
C00075,Priya Sharma,Male,49.0,Nagpur,Maharashtra,West,2025-01-12
C00076,Rohan Gupta,Female,42.0,Madurai,Tamil Nadu,South,2024-09-02
C00077,Neha Desai,Male,33.0,Kanpur,Uttar Pradesh,North,2024-05-10
C00078,  Kavya Verma,Female,55.0,Pune,Maharashtra,West,2024-05-06
C00079,Priya Patel,Female,40.0,Kozhikode,Kerala,South,2024-12-11
C00080,Arjun Khan,Male,42.0,Ahmedabad,Gujarat,West,2024-03-16
C00081,Ishaan Gupta,Male,51.0,Noida,Uttar Pradesh,North,2025-06-05
C00082,Rohan Sharma,Female,51.0,Warangal,Telangana,South,2024-04-14
C00083,Diya Khan,Female,36.0,Kolkata,West Bengal,East,2024-03-02
C00084,Aditya Malhotra,Female,23.0,Vadodara,Gujarat,West,2025-02-04
C00085,Arjun Iyer,Female,56.0,Mumbai,Maharashtra,West,2025-03-10
C00086,Vivaan Desai,Other,29.0,Hyderabad,Telangana,South,2025-11-01
C00087,Priya Kulkarni,Female,23.0,Coimbatore,Tamil Nadu,South,2024-08-14
C00088,Ishaan Gupta,Male,57.0,Thane,Maharashtra,West,2026-02-16
C00089,Kabir Shah,Male,56.0,Mumbai,Maharashtra,West,2025-01-15
C00090,Manav Malhotra,Female,26.0,Madurai,Tamil Nadu,South,2025-04-09
C00091,Arjun Sharma,Female,54.0,Hyderabad,Telangana,South,2025-05-15
C00092,Riya Desai,Male,41.0,Mangaluru,Karnataka,South,2024-11-17
C00093,Aditya Kulkarni,Female,44.0,Kolkata,West Bengal,East,2025-02-21
C00094,Karan Verma,Male,47.0,Agra,Uttar Pradesh,North,2025-02-22
C00095,Rohan Gupta,Male,55.0,Chennai,Tamil Nadu,South,2025-04-27
C00096,Aditya Malhotra,Female,,Hyderabad,Telangana,South,2025-03-06
C00097,Priya Kulkarni,Female,48.0,Lucknow,Uttar Pradesh,North,2024-10-15
C00098,Manav Iyer,Female,54.0,Mangaluru,Karnataka,South,2025-12-09
C00099,Neha Mehta,Male,51.0,Kolkata,West Bengal,East,2025-12-30
C00100,Karan Joshi,Female,62.0,Hyderabad,Telangana,South,2025-10-29
C00101,Aisha Mehta,Male,32.0,Ahmedabad,Gujarat,West,2025-09-18
C00102,Neha Shah,Female,59.0,Bengaluru,Karnataka,South,2024-12-09
C00103,Aarav Rathod,Male,29.0,Kochi,Kerala,South,2025-06-29
C00104,Manav Verma,Male,47.0,Udaipur,Rajasthan,North,2025-08-22
C00105,Aditya Verma,Female,42.0,Vadodara,Gujarat,West,2024-07-03
C00106,Sneha Rathod,Female,20.0,Kanpur,Uttar Pradesh,North,2025-07-29
C00107,Aarav Khan,Other,45.0,Vadodara,Gujarat,West,2024-10-27
C00108,Rahul Nair,Female,64.0,Kochi,Kerala,South,2025-10-20
C00109,Ananya Shah,Female,25.0,Thiruvananthapuram,Kerala,South,2024-08-25
C00110,Rohan Joshi,Female,50.0,Lucknow,Uttar Pradesh,North,2024-08-13
C00111,Neha Gupta,Male,41.0,Nashik,Maharashtra,West,2024-05-23
C00112,Sneha Kulkarni,Female,37.0,Coimbatore,Tamil Nadu,west,2025-01-08
C00113,Riya Khan,Male,62.0,Thane,Maharashtra,West,2024-12-03
C00114,Rahul Rathod,Male,36.0,Vadodara,Gujarat,West,2025-01-16
C00115,Kabir Mehta,Female,55.0,Lucknow,Uttar Pradesh,North,2024-09-02
C00116,Aarav Sharma,Male,27.0,Agra,Uttar Pradesh,North,2025-01-06
C00117,Neha Shah,Male,60.0,Surat,Gujarat,West,2025-01-03
C00118,Neha Gupta,Female,65.0,Lucknow,Uttar Pradesh,North,2024-06-29
C00119,Vivaan Singh,Male,31.0,Nashik,Maharashtra,West,2024-03-10
C00120,Karan Shah,Female,60.0,Mumbai,Maharashtra,West,2025-07-09
C00121,Karan Khan,Male,64.0,Agra,Uttar Pradesh,North,2024-06-13
C00122,Sneha Iyer,Female,19.0,Mysuru,Karnataka,South,2026-01-20
C00123,Aditya Desai,Female,63.0,Dombivli,Maharashtra,West,2024-03-02
C00124,Aditya Malhotra,Male,18.0,Mumbai,Maharashtra,West,2025-05-08
C00125,Kavya Mehta,Female,25.0,Mysuru,Karnataka,South,2024-01-17
C00126,Neha Malhotra,Female,51.0,New Delhi,Delhi,North,2025-04-25
C00127,Ira Mehta,Female,36.0,Kozhikode,Kerala,South,2024-08-03
C00128,Arjun Shah,Female,45.0,Kanpur,Uttar Pradesh,North,2025-11-18
C00129,Karan Nair,Male,45.0,Dombivli,Maharashtra,West,2026-02-16
C00130,Ira Joshi,Male,64.0,Thane,Maharashtra,West,2024-03-20
C00131,Sneha Rathod,Male,39.0,Dombivli,Maharashtra,West,2024-03-31
C00132,Ira Desai,Female,58.0,Chennai,Tamil Nadu,South,2024-01-13
C00133,Kavya Kulkarni,Female,65.0,Thiruvananthapuram,Kerala,South,2024-02-12
C00134,Meera Patel,Male,29.0,Bengaluru,Karnataka,South,2025-12-30
C00135,Ananya Kulkarni,Male,22.0,Kozhikode,Kerala,South,2025-07-08
C00136,Neha Nair,Female,57.0,Mumbai,Maharashtra,West,2024-09-13
C00137,Kavya Verma,Female,20.0,Mumbai,Maharashtra,West,2024-07-12
C00138,Ananya Iyer,Female,29.0,Mysuru,Karnataka,South,2024-09-17
C00139,Aisha Mehta,Male,42.0,Kozhikode,Kerala,South,2024-04-21
C00140,Diya Kulkarni,Female,46.0,New Delhi,Delhi,North,2024-11-21
C00141,Arjun Gupta,Female,55.0,Kanpur,Uttar Pradesh,North,2024-06-15
C00142,Arjun Gupta,Male,50.0,Bengaluru,Karnataka,South,2024-05-09
C00143,Rahul Shah,Female,65.0,Jodhpur,Rajasthan,North,2024-11-23
C00144,Kabir Shah,Female,26.0,Dombivli,Maharashtra,West,2024-12-29
C00145,Neha Shah,Female,44.0,Mangaluru,Karnataka,South,2024-03-17
C00146,Riya Iyer,Other,53.0,Udaipur,Rajasthan,North,2024-06-21
C00147,Rahul Rathod,Male,26.0,Dombivli,Maharashtra,West,2025-02-22
C00148,Ira Iyer,Female,40.0,Madurai,Tamil Nadu,South,2026-01-03
C00149,Kabir Khan,Female,38.0,Madurai,Tamil Nadu,South,2025-08-26
C00150,Riya Shah,Male,49.0,Thiruvananthapuram,Kerala,South,2024-06-26
C00151,Riya Sharma,Female,52.0,Jodhpur,Rajasthan,North,2024-06-17
C00152,Vivaan Rathod,Female,19.0,Mysuru,Karnataka,South,2025-01-13
C00153,Priya Sharma,Female,52.0,Lucknow,Uttar Pradesh,North,2024-05-31
C00154,Meera Singh,Female,45.0,Mumbai,Maharashtra,West,2024-04-07
C00155,Ira Malhotra,Female,36.0,Thiruvananthapuram,Kerala,South,2025-09-10
C00156,Meera Sharma,Male,37.0,Hyderabad,Telangana,South,2026-02-27
C00157,Ishaan Singh,Female,55.0,Noida,Uttar Pradesh,North,2024-10-06
C00158,Neha Sharma,Male,26.0,Lucknow,Uttar Pradesh,North,2025-08-24
C00159,Aisha Malhotra,Female,54.0,New Delhi,Delhi,North,2025-11-27
C00160,Ishaan Iyer,Female,56.0,Vadodara,Gujarat,West,2025-04-12
C00161,Sneha Patel,Male,65.0,Hyderabad,Telangana,South,2024-11-29
C00162,Meera Joshi,Male,44.0,Chennai,Tamil Nadu,South,2025-06-27
C00163,Kabir Verma,Male,22.0,Kochi,Kerala,South,2024-02-16
C00164,Karan Shah,Female,24.0,Kolkata,West Bengal,East,2024-11-26
C00165,Kabir Mehta,Female,29.0,Udaipur,Rajasthan,North,2024-10-18
C00166,Manav Gupta,Male,20.0,Mysuru,Karnataka,South,2025-07-31
C00167,Arjun Khan,Female,62.0,Kolkata,West Bengal,East,2024-11-25
C00168,Rahul Patel,Female,38.0,Nashik,Maharashtra,West,2026-01-14
C00169,Arjun Joshi,Female,18.0,Pune,Maharashtra,West,2024-09-12
C00170,Karan Joshi,Female,42.0,Rajkot,Gujarat,West,2025-12-10
C00171,Rohan Verma,Male,22.0,Mysuru,Karnataka,South,2024-03-04
C00172,Priya Sharma,Female,55.0,Thiruvananthapuram,Kerala,South,2024-09-18
C00173,Ananya Joshi,Male,35.0,Thane,Maharashtra,West,2025-11-13
C00174,Kavya Kulkarni,Female,24.0,Kozhikode,Kerala,South,2025-02-28
C00175,Meera Singh,Female,64.0,Vadodara,Gujarat,West,2026-01-28
C00176,Diya Gupta,Female,33.0,Kanpur,Uttar Pradesh,North,2024-07-12
C00177,Kabir Singh,Female,58.0,Kochi,Kerala,South,2024-04-14
C00178,Arjun Malhotra,Male,32.0,Ahmedabad,Gujarat,West,2025-09-30
C00179,Priya Sharma,Female,48.0,Thiruvananthapuram,Kerala,South,2025-02-24
C00180,Ishaan Sharma,Male,55.0,Mumbai,Maharashtra,West,2025-08-18
C00181,Rahul Sharma,Female,40.0,Mysuru,Karnataka,South,2024-11-30
C00182,Priya Shah,Female,35.0,Kolkata,West Bengal,East,2025-09-28
C00183,Rahul Verma,Female,34.0,New Delhi,Delhi,North,2024-02-04
C00184,Aditya Mehta,Female,45.0,Dombivli,Maharashtra,West,2025-06-03
C00185,Ishaan Joshi,Female,50.0,Kolkata,West Bengal,East,2025-04-19
C00186,Karan Shah,Male,29.0,Madurai,Tamil Nadu,South,2024-08-16
C00187,Priya Mehta,Female,30.0,New Delhi,Delhi,North,2025-02-02
C00188,Vivaan Gupta,Female,23.0,Mysuru,Karnataka,South,2025-11-02
C00189,Vivaan Iyer,Female,33.0,Kochi,Kerala,South,2024-08-21
C00190,Meera Mehta,Female,47.0,Dombivli,Maharashtra,West,2024-05-04
C00191,Vivaan Iyer,Female,62.0,Madurai,Tamil Nadu,South,2025-08-20
C00192,Karan Iyer,Male,60.0,Lucknow,Uttar Pradesh,North,2024-05-06
C00193,Rohan Verma,Male,62.0,Kozhikode,Kerala,South,2024-12-12
C00194,Neha Patel,Female,18.0,New Delhi,Delhi,North,2024-05-09
C00195,Ira Gupta,Female,43.0,Thiruvananthapuram,Kerala,South,2026-01-06
C00196,Kavya Singh,Female,45.0,Mangaluru,Karnataka,South,2024-08-24
C00197,Manav Verma,Male,56.0,Nashik,Maharashtra,West,2024-10-18
C00198,Sneha Verma,Female,23.0,Nashik,Maharashtra,West,2025-09-01
C00199,Aarav Nair,Male,46.0,Udaipur,Rajasthan,North,2025-01-16
C00200,Aisha Patel,Female,25.0,Nagpur,Maharashtra,West,2025-02-09
C00201,Aditya Singh,Male,40.0,Kozhikode,Kerala,South,2024-09-29
C00202,Diya Joshi,Male,40.0,New Delhi,Delhi,North,2024-05-28
C00203,Manav Mehta,Female,56.0,Kozhikode,Kerala,South,2025-10-23
C00204,Manav Iyer,Female,33.0,Chennai,Tamil Nadu,South,2025-08-28
C00205,Ananya Mehta,Male,29.0,Mangaluru,Karnataka,South,2025-05-09
C00206,Meera Singh,Male,24.0,Jaipur,Rajasthan,North,2025-11-22
C00207,Priya Kulkarni,Other,28.0,Jaipur,Rajasthan,North,2025-02-03
C00208,Kabir Singh,Female,60.0,New Delhi,Delhi,North,2025-02-28
C00209,Aisha Malhotra,Female,33.0,Chennai,Tamil Nadu,South,2025-11-01
C00210,Ira Desai,Male,46.0,Surat,Gujarat,West,2025-01-08
C00211,Kabir Khan,Male,33.0,Madurai,Tamil Nadu,South,2024-04-28
C00212,Ishaan Patel,Male,42.0,Bengaluru,Karnataka,South,2025-04-25
C00213,Manav Mehta,Male,30.0,Nashik,Maharashtra,West,2025-03-19
C00214,Sneha Nair,Male,25.0,Thiruvananthapuram,Kerala,South,2025-01-31
C00215,Rohan Kulkarni,Male,32.0,Mumbai,Maharashtra,West,2024-02-16
C00216,Aditya Patel,Female,31.0,Kochi,Kerala,South,2024-06-20
C00217,Meera Rathod,Female,41.0,New Delhi,Delhi,North,2025-07-25
C00218,Rohan Kulkarni,Male,38.0,Rajkot,Gujarat,West,2025-01-17
C00219,Kavya Malhotra,Male,61.0,Kozhikode,Kerala,South,2024-12-13
C00220,Arjun Gupta,Female,51.0,Vadodara,Gujarat,West,2024-06-13
C00221,Rahul Mehta,Male,21.0,Jodhpur,Rajasthan,North,2025-12-23
C00222,Neha Gupta,Male,65.0,Warangal,Telangana,South,2024-02-15
C00223,Rohan Verma,Male,48.0,Mysuru,Karnataka,South,2024-05-12
C00224,Arjun Joshi,Male,62.0,Agra,Uttar Pradesh,North,2025-09-11
C00225,Ananya Verma,Female,34.0,Mysuru,Karnataka,South,2025-02-04
C00226,Aisha Singh,Female,48.0,Madurai,Tamil Nadu,South,2024-03-07
C00227,Kabir Iyer,Male,56.0,Nashik,Maharashtra,West,2025-06-05
C00228,Ishaan Iyer,Female,24.0,Rajkot,Gujarat,West,2024-02-11
C00229,Meera Singh,Female,25.0,Coimbatore,Tamil Nadu,South,2024-03-07
C00230,Neha Malhotra,Female,34.0,New Delhi,Delhi,North,2025-05-02
C00231,Aisha Gupta,Female,31.0,Mysuru,Karnataka,South,2025-08-11
C00232,Vivaan Khan,Female,38.0,Dombivli,Maharashtra,West,2024-12-30
C00233,Kavya Rathod,Female,21.0,Mangaluru,Karnataka,South,2024-05-13
C00234,Ira Shah,Female,48.0,Kolkata,West Bengal,East,2024-03-06
C00235,Diya Gupta,Female,42.0,Nagpur,Maharashtra,West,2024-02-25
C00236,Meera Joshi,Female,25.0,Kochi,Kerala,South,2025-04-21
C00237,Aditya Rathod,Male,34.0,Thiruvananthapuram,Kerala,South,2024-05-15
C00238,Arjun Mehta,Female,40.0,Chennai,Tamil Nadu,South,2024-08-30
C00239,Ananya Khan,Female,44.0,Vadodara,Gujarat,West,2025-05-28
C00240,Ishaan Kulkarni,Male,42.0,Mumbai,Maharashtra,West,2024-02-14
C00241,Ira Iyer,Male,26.0,Bengaluru,Karnataka,South,2025-10-30
C00242,Aisha Nair,Female,52.0,Ahmedabad,Gujarat,West,2024-03-02
C00243,Ira Gupta,Male,59.0,Mangaluru,Karnataka,South,2024-12-24
C00244,Aarav Desai,Male,57.0,Pune,Maharashtra,West,2024-07-17
C00245,Manav Malhotra,Male,26.0,Ahmedabad,Gujarat,West,2024-01-19
C00246,Kavya Khan,Female,61.0,Lucknow,Uttar Pradesh,North,2025-04-22
C00247,Diya Desai,Male,55.0,Mangaluru,Karnataka,South,2025-06-16
C00248,Aisha Malhotra,Other,59.0,New Delhi,Delhi,North,2024-07-12
C00249,Meera Iyer,Male,48.0,Madurai,Tamil Nadu,South,2025-05-16
C00250,Meera Sharma,Male,21.0,Kozhikode,Kerala,South,2026-01-22
C00251,Aisha Kulkarni,Female,32.0,Nashik,Maharashtra,West,2026-01-01
C00252,Manav Gupta,Female,40.0,Madurai,Tamil Nadu,South,2025-04-23
C00253,Aisha Singh,Female,38.0,Kochi,Kerala,South,2026-01-26
C00254,Aditya Rathod,Female,31.0,Surat,Gujarat,West,2025-07-01
C00255,Manav Khan,Female,32.0,Udaipur,Rajasthan,North,2026-01-01
C00256,Riya Iyer,Male,41.0,Kozhikode,Kerala,South,2026-03-09
C00257,Kavya Khan,Female,30.0,Dombivli,Maharashtra,West,2024-04-30
C00258,Ishaan Mehta,Female,37.0,Nagpur,Maharashtra,West,2025-10-14
C00259,Manav Shah,Male,40.0,Pune,Maharashtra,West,2025-08-11
C00260,Diya Kulkarni,Female,21.0,Vadodara,Gujarat,West,2025-10-02
C00261,Karan Kulkarni,Female,21.0,Dombivli,Maharashtra,West,2025-03-13
C00262,Meera Joshi,Male,21.0,Kolkata,West Bengal,East,2024-11-28
C00263,Rahul Iyer,Male,34.0,Kolkata,West Bengal,East,2025-02-01
C00264,Kavya Sharma,Male,57.0,Kochi,Kerala,South,2025-02-11
C00265,Aditya Malhotra,Female,20.0,Mysuru,Karnataka,South,2025-06-01
C00266,Diya Rathod,Male,36.0,Kanpur,Uttar Pradesh,North,2025-11-28
C00267,Ananya Sharma,Female,25.0,Hyderabad,Telangana,South,2024-07-18
C00268,Aarav Mehta,Female,46.0,Warangal,Telangana,South,2026-02-02
C00269,Rohan Gupta,Male,54.0,Kochi,Kerala,South,2024-05-25
C00270,Riya Sharma,Male,50.0,New Delhi,Delhi,North,2024-11-22
C00271,Diya Khan,Male,49.0,Hyderabad,Telangana,South,2025-01-06
C00272,Neha Kulkarni,Female,19.0,Bengaluru,Karnataka,South,2025-12-08
C00273,Aisha Joshi,Female,50.0,Jaipur,Rajasthan,North,2025-09-03
C00274,Priya Nair,Male,35.0,Warangal,Telangana,South,2024-01-23
C00275,Kabir Desai,Female,61.0,Nashik,Maharashtra,West,2024-10-17
C00276,Karan Sharma,Female,30.0,Pune,Maharashtra,West,2025-09-14
C00277,Aisha Singh,Male,25.0,Thane,Maharashtra,West,2025-12-14
C00278,Sneha Singh,Male,59.0,Madurai,Tamil Nadu,South,2025-06-06
C00279,Aarav Patel,Female,43.0,Thiruvananthapuram,Kerala,South,2024-05-09
C00280,Aditya Patel,Male,60.0,Jaipur,Rajasthan,North,2024-06-18
C00281,Manav Mehta,Female,47.0,New Delhi,Delhi,North,2025-06-04
C00282,Ishaan Shah,Female,19.0,Kanpur,Uttar Pradesh,North,2024-04-11
C00283,Sneha Kulkarni,Female,21.0,Thane,Maharashtra,West,2024-01-23
C00284,Arjun Desai,Other,58.0,Thiruvananthapuram,Kerala,South,2024-04-07
C00285,Priya Verma,Female,62.0,Dombivli,Maharashtra,West,2024-08-06
C00286,Karan Rathod,Male,55.0,Madurai,Tamil Nadu,South,2025-12-22
C00287,Aditya Malhotra,Male,34.0,Rajkot,Gujarat,West,2026-02-10
C00288,Diya Verma,Male,51.0,New Delhi,Delhi,North,2025-09-21
C00289,Arjun Malhotra,Female,51.0,Kolkata,West Bengal,East,2025-01-17
C00290,Diya Nair,Female,61.0,Mysuru,Karnataka,South,2024-07-05
C00291,Karan Gupta,Male,40.0,Chennai,Tamil Nadu,South,2024-02-04
C00292,Rahul Joshi,Male,60.0,Madurai,Tamil Nadu,South,2024-09-05
C00293,Priya Gupta,Female,54.0,Nagpur,Maharashtra,West,2024-08-06
C00294,Priya Gupta,Male,59.0,Lucknow,Uttar Pradesh,North,2024-05-05
C00295,Meera Singh,Other,63.0,Dombivli,Maharashtra,West,2024-04-08
C00296,Arjun Iyer,Male,42.0,Coimbatore,Tamil Nadu,South,2025-12-22
C00297,Vivaan Gupta,Female,23.0,Kanpur,Uttar Pradesh,North,2024-11-13
C00298,Rohan Rathod,Male,25.0,New Delhi,Delhi,North,2024-01-08
C00299,Neha Gupta,Female,43.0,Jodhpur,Rajasthan,North,2025-02-10
C00300,Aisha Malhotra,Male,59.0,Thane,Maharashtra,West,2025-05-11
C00301,Aisha Shah,Female,38.0,Warangal,Telangana,South,2025-06-21
C00302,Meera Singh,Male,64.0,Vadodara,Gujarat,West,2025-04-18
C00303,Ira Patel,Male,54.0,Noida,Uttar Pradesh,North,2025-11-10
C00304,Rohan Khan,Male,35.0,Nagpur,Maharashtra,West,2025-12-31
C00305,Rohan Shah,Female,19.0,Nashik,Maharashtra,West,2025-07-28
C00306,Rohan Kulkarni,Female,59.0,New Delhi,Delhi,North,2025-04-11
C00307,Vivaan Patel,Male,58.0,Kolkata,West Bengal,East,2025-11-16
C00308,Rohan Iyer,Female,35.0,Kolkata,West Bengal,East,2024-05-23
C00309,Aditya Nair,Male,58.0,Thane,Maharashtra,West,2025-02-25
C00310,Diya Verma,Male,22.0,Thiruvananthapuram,Kerala,South,2024-12-13
C00311,Aditya Mehta,Male,18.0,Nashik,Maharashtra,West,2026-02-13
C00312,Aarav Kulkarni,Female,30.0,Jaipur,Rajasthan,North,2024-03-24
C00313,Diya Gupta,Male,37.0,Kochi,Kerala,South,2024-01-08
C00314,Sneha Mehta,Male,34.0,Chennai,Tamil Nadu,South,2026-02-13
C00315,Ira Mehta,Male,18.0,Mangaluru,Karnataka,South,2024-12-29
C00316,Sneha Joshi,Female,53.0,Dombivli,Maharashtra,West,2024-05-31
C00317,Diya Kulkarni,Male,29.0,Mumbai,Maharashtra,West,2024-07-07
C00318,Kabir Singh,Female,53.0,Rajkot,Gujarat,West,2024-07-17
C00319,Vivaan Patel,Male,28.0,Nashik,Maharashtra,West,2025-10-19
C00320,Priya Desai,Female,26.0,Mangaluru,Karnataka,South,2025-01-22
C00321,Aarav Mehta,Male,65.0,Thiruvananthapuram,Kerala,South,2024-02-19
C00322,Riya Iyer,Male,63.0,Thane,Maharashtra,West,2025-07-27
C00323,Aditya Shah,Male,46.0,Coimbatore,Tamil Nadu,South,2025-04-11
C00324,Vivaan Verma,Female,23.0,Bengaluru,Karnataka,South,2026-01-13
C00325,Rahul Shah,Male,29.0,Nagpur,Maharashtra,West,2024-01-06
C00326,Diya Mehta,Female,29.0,Mangaluru,Karnataka,South,2024-10-29
C00327,Arjun Singh,Male,47.0,Lucknow,Uttar Pradesh,North,2025-04-10
C00328,Neha Khan,Male,24.0,Mangaluru,Karnataka,South,2025-05-28
C00329,Ishaan Khan,Male,54.0,Vadodara,Gujarat,West,2026-01-07
C00330,Arjun Joshi,Male,60.0,Kolkata,West Bengal,East,2025-12-01
C00331,Aisha Mehta,Male,38.0,Pune,Maharashtra,West,2025-02-22
C00332,Ishaan Desai,Male,52.0,Dombivli,Maharashtra,West,2025-01-02
C00333,Neha Patel,Male,20.0,Dombivli,Maharashtra,West,2025-05-29
C00334,Diya Desai,Female,63.0,Nagpur,Maharashtra,West,2024-10-10
C00335,Neha Verma,Female,26.0,Nashik,Maharashtra,West,2025-01-20
C00336,Ananya Gupta,Other,60.0,Mangaluru,Karnataka,South,2025-09-23
C00337,Rohan Mehta,Male,22.0,Chennai,Tamil Nadu,South,2024-05-03
C00338,Ira Sharma,Female,50.0,Kolkata,West Bengal,East,2024-01-25
C00339,Sneha Desai,Female,18.0,Bengaluru,Karnataka,South,2025-11-19
C00340,Kabir Shah,Male,41.0,Madurai,Tamil Nadu,South,2025-03-06
C00341,Neha Verma,Female,44.0,Nashik,Maharashtra,West,2024-02-07
C00342,Ishaan Singh,Female,33.0,Kozhikode,Kerala,South,2024-01-18
C00343,Neha Joshi,Male,26.0,Pune,Maharashtra,West,2025-08-28
C00344,Rahul Desai,Male,52.0,Pune,Maharashtra,West,2024-02-01
C00345,Neha Khan,Female,38.0,Mangaluru,Karnataka,South,2025-06-03
C00346,Riya Shah,Female,48.0,Thiruvananthapuram,Kerala,South,2024-10-10
C00347,Kavya Singh,Male,32.0,Lucknow,Uttar Pradesh,North,2025-09-06
C00348,Aditya Malhotra,Female,26.0,Mysuru,Karnataka,South,2025-08-22
C00349,Ananya Verma,Female,23.0,New Delhi,Delhi,North,2025-08-23
C00350,Aditya Gupta,Female,34.0,Kolkata,West Bengal,East,2024-10-08
C00351,Ishaan Kulkarni,Female,45.0,Kolkata,West Bengal,East,2025-08-14
C00352,Rohan Malhotra,Female,55.0,Thane,Maharashtra,West,2025-01-21
C00353,Karan Rathod,Male,60.0,Pune,Maharashtra,West,2026-02-25
C00354,Aisha Iyer,Female,45.0,Lucknow,Uttar Pradesh,North,2024-10-05
C00355,Rohan Sharma,Male,34.0,Mangaluru,Karnataka,South,2024-05-27
C00356,Ishaan Iyer,Male,48.0,Kanpur,Uttar Pradesh,North,2024-06-03
C00357,Ira Sharma,Female,36.0,Kanpur,Uttar Pradesh,North,2025-12-01
C00358,Aisha Patel,Female,56.0,Warangal,Telangana,South,2025-08-15
C00359,Riya Shah,Female,32.0,Kochi,Kerala,South,2024-06-09
C00360,Manav Joshi,Male,36.0,Mangaluru,Karnataka,South,2024-11-26
C00361,Sneha Verma,Female,29.0,Bengaluru,Karnataka,South,2026-01-22
C00362,Priya Verma,Male,56.0,Mumbai,Maharashtra,West,2025-09-10
C00363,Ananya Gupta,Female,37.0,Udaipur,Rajasthan,North,2025-06-09
C00364,Ira Kulkarni,Female,54.0,Noida,Uttar Pradesh,North,2026-02-21
C00365,Kabir Khan,Male,24.0,Chennai,Tamil Nadu,South,2025-03-11
C00366,Aarav Singh,Male,57.0,Pune,Maharashtra,West,2024-03-09
C00367,Ananya Sharma,Male,51.0,Mysuru,Karnataka,South,2024-02-28
C00368,Karan Desai,Female,46.0,Madurai,Tamil Nadu,South,2024-12-10
C00369,Aarav Rathod,Male,44.0,Thane,Maharashtra,West,2024-07-31
C00370,Priya Iyer,Male,25.0,Pune,Maharashtra,West,2025-04-20
C00371,Ishaan Kulkarni,Female,59.0,New Delhi,Delhi,North,2025-07-23
C00372,Meera Sharma,Male,58.0,Kanpur,Uttar Pradesh,North,2025-12-09
C00373,Ira Rathod,Female,37.0,Hyderabad,Telangana,South,2026-02-12
C00374,Ananya Singh,Male,62.0,Pune,Maharashtra,West,2024-05-15
C00375,Riya Malhotra,Male,35.0,Kanpur,Uttar Pradesh,North,2025-12-09
C00376,Aarav Patel,Female,64.0,Pune,Maharashtra,West,2024-11-19
C00377,Riya Malhotra,Female,58.0,Agra,Uttar Pradesh,North,2024-02-27
C00378,Manav Mehta,Female,29.0,Udaipur,Rajasthan,North,2025-08-07
C00379,Ishaan Joshi,Male,59.0,Kanpur,Uttar Pradesh,North,2025-07-14
C00380,Ananya Mehta,Male,24.0,Hyderabad,Telangana,South,2025-05-03
C00381,Priya Nair,Female,60.0,Vadodara,Gujarat,West,2024-05-15
C00382,Kabir Singh,Male,43.0,Bengaluru,Karnataka,South,2025-10-14
C00383,Arjun Patel,Female,62.0,Nagpur,Maharashtra,West,2024-08-28
C00384,Kavya Rathod,Male,39.0,Kolkata,West Bengal,East,2025-03-17
C00385,Rahul Patel,Male,59.0,Kochi,Kerala,South,2024-05-31
C00386,Priya Patel,Male,27.0,Nashik,Maharashtra,West,2024-07-18
C00387,Meera Mehta,Female,43.0,Kolkata,West Bengal,East,2025-11-17
C00388,Kavya Mehta,Male,27.0,Surat,Gujarat,West,2024-07-20
C00389,Ira Iyer,Male,21.0,Dombivli,Maharashtra,West,2025-02-05
C00390,Aditya Malhotra,Female,46.0,Agra,Uttar Pradesh,North,2024-09-02
C00391,Kavya Kulkarni,Female,25.0,Mumbai,Maharashtra,West,2024-10-19
C00392,Riya Gupta,Male,64.0,Surat,Gujarat,West,2024-05-13
C00393,Aditya Rathod,Male,38.0,Bengaluru,Karnataka,South,2024-12-13
C00394,Rahul Verma,Female,44.0,Kozhikode,Kerala,South,2025-04-15
C00395,Neha Joshi,Female,18.0,Kolkata,West Bengal,East,2024-10-08
C00396,Arjun Nair,Male,38.0,Bengaluru,Karnataka,South,2024-02-05
C00397,Manav Verma,Female,25.0,Mangaluru,Karnataka,South,2024-10-18
C00398,Ananya Joshi,Female,33.0,Surat,Gujarat,West,2024-10-03
C00399,Karan Khan,Male,20.0,Agra,Uttar Pradesh,North,2025-08-28
C00400,Rahul Gupta,Female,37.0,Thiruvananthapuram,Kerala,South,2025-05-26
C00401,Diya Malhotra,Male,36.0,Rajkot,Gujarat,West,2025-08-27
C00402,Karan Patel,Female,29.0,Jaipur,Rajasthan,North,2025-03-02
C00403,Aisha Kulkarni,Male,31.0,Bengaluru,Karnataka,South,2024-04-25
C00404,Sneha Joshi,Male,54.0,Dombivli,Maharashtra,West,2024-10-26
C00405,Vivaan Sharma,Female,24.0,Coimbatore,Tamil Nadu,South,2025-05-31
C00406,Manav Desai,Male,43.0,Kanpur,Uttar Pradesh,North,2024-10-11
C00407,Arjun Gupta,Male,29.0,Lucknow,Uttar Pradesh,North,2024-10-27
C00408,Meera Iyer,Male,58.0,Jodhpur,Rajasthan,North,2025-01-04
C00409,Sneha Gupta,Male,58.0,Kolkata,West Bengal,East,2024-12-03
C00410,Rohan Gupta,Female,22.0,Thane,Maharashtra,West,2024-05-18
C00411,Aisha Gupta,Female,49.0,Kolkata,West Bengal,East,2025-10-16
C00412,Aarav Nair,Male,23.0,Kolkata,West Bengal,East,2024-03-17
C00413,Aditya Desai,Male,40.0,Jodhpur,Rajasthan,North,2025-07-22
C00414,Rohan Gupta,Male,26.0,Mumbai,Maharashtra,West,2024-01-25
C00415,Arjun Gupta,Male,64.0,Mangaluru,Karnataka,South,2025-07-23
C00416,Aditya Malhotra,Male,19.0,Chennai,Tamil Nadu,South,2026-02-14
C00417,Rohan Rathod,Female,35.0,New Delhi,Delhi,North,2024-10-02
C00418,Kabir Shah,Male,43.0,Dombivli,Maharashtra,West,2024-12-08
C00419,Aditya Shah,Male,62.0,Dombivli,Maharashtra,West,2025-11-26
C00420,Kavya Desai,Male,29.0,Kanpur,Uttar Pradesh,North,2025-02-19
C00421,Priya Sharma,Male,33.0,Mumbai,Maharashtra,West,2025-10-07
C00422,Kabir Sharma,Male,28.0,Thane,Maharashtra,West,2025-04-27
C00423,Meera Gupta,Male,47.0,Hyderabad,Telangana,South,2024-11-13
C00424,Kabir Khan,Male,24.0,Coimbatore,Tamil Nadu,South,2024-07-21
C00425,Manav Nair,Female,57.0,Nashik,Maharashtra,West,2025-06-08
C00426,Meera Nair,Male,21.0,Kolkata,West Bengal,East,2025-04-10
C00427,Arjun Gupta,Female,23.0,Dombivli,Maharashtra,West,2025-05-02
C00428,Rohan Rathod,Female,63.0,Rajkot,Gujarat,West,2024-03-04
C00429,Ira Iyer,Male,53.0,Agra,Uttar Pradesh,North,2024-01-09
C00430,Vivaan Patel,Female,20.0,Udaipur,Rajasthan,North,2025-11-28
C00431,Manav Mehta,Female,23.0,Ahmedabad,Gujarat,West,2025-04-16
C00432,Priya Nair,Male,36.0,Bengaluru,Karnataka,South,2024-09-01
C00433,Neha Iyer,Male,26.0,Bengaluru,Karnataka,South,2024-05-01
C00434,Kavya Joshi,Male,47.0,Kolkata,West Bengal,East,2025-08-31
C00435,Aisha Desai,Male,51.0,Kochi,Kerala,South,2025-12-14
C00436,Meera Iyer,Male,24.0,Agra,Uttar Pradesh,North,2025-12-03
C00437,Vivaan Malhotra,Male,18.0,Agra,Uttar Pradesh,North,2024-07-11
C00438,Rahul Nair,Female,31.0,Noida,Uttar Pradesh,North,2025-08-06
C00439,Rahul Sharma,Female,37.0,Chennai,Tamil Nadu,South,2025-05-07
C00440,Riya Patel,Female,41.0,Vadodara,Gujarat,West,2024-08-16
C00441,Karan Kulkarni,Male,35.0,Jodhpur,Rajasthan,North,2024-11-15
C00442,Kabir Sharma,Female,48.0,Kanpur,Uttar Pradesh,North,2025-09-18
C00443,Arjun Nair,Female,53.0,Coimbatore,Tamil Nadu,South,2025-11-27
C00444,Aditya Singh,Female,50.0,Surat,Gujarat,West,2024-12-30
C00445,Neha Kulkarni,Female,25.0,Jaipur,Rajasthan,North,2025-07-07
C00446,Vivaan Mehta,Female,63.0,Pune,Maharashtra,West,2026-03-06
C00447,Ishaan Rathod,Male,52.0,Dombivli,Maharashtra,West,2024-07-21
C00448,Diya Iyer,Female,59.0,Dombivli,Maharashtra,West,2024-09-16
C00449,Ishaan Iyer,Female,28.0,Jaipur,Rajasthan,North,2024-11-17
C00450,Neha Sharma,Female,19.0,Nashik,Maharashtra,West,2024-12-24
C00451,Kabir Mehta,Female,61.0,Vadodara,Gujarat,West,2025-04-01
C00452,Ishaan Kulkarni,Male,22.0,Kozhikode,Kerala,South,2026-03-08
C00453,Ananya Rathod,Male,23.0,Mysuru,Karnataka,South,2025-11-26
C00454,Ira Shah,Male,36.0,Coimbatore,Tamil Nadu,South,2025-03-10
C00455,Arjun Joshi,Female,54.0,New Delhi,Delhi,North,2024-12-28
C00456,Priya Malhotra,Female,22.0,Coimbatore,Tamil Nadu,South,2026-02-06
C00457,Meera Verma,Female,42.0,Mumbai,Maharashtra,West,2025-08-21
C00458,Kabir Shah,Male,30.0,Agra,Uttar Pradesh,North,2025-08-05
C00459,Neha Verma,Male,34.0,Agra,Uttar Pradesh,North,2025-03-13
C00460,Arjun Khan,Male,37.0,Mangaluru,Karnataka,South,2024-10-03
C00461,Kavya Malhotra,Male,47.0,Chennai,Tamil Nadu,South,2025-08-30
C00462,Kabir Gupta,Male,20.0,Rajkot,Gujarat,West,2025-10-03
C00463,Rahul Gupta,Male,56.0,Mysuru,Karnataka,South,2026-01-16
C00464,Meera Verma,Male,46.0,Dombivli,Maharashtra,West,2026-01-31
C00465,Vivaan Desai,Female,52.0,Agra,Uttar Pradesh,North,2024-04-19
C00466,Rahul Kulkarni,Female,44.0,Agra,Uttar Pradesh,North,2026-03-10
C00467,Diya Desai,Female,20.0,Mumbai,Maharashtra,West,2024-02-13
C00468,Meera Malhotra,Female,65.0,Agra,Uttar Pradesh,North,2024-07-19
C00469,Aditya Khan,Male,53.0,Chennai,Tamil Nadu,South,2025-06-01
C00470,Neha Malhotra,Male,39.0,Mumbai,Maharashtra,West,2024-08-28
C00471,Ananya Shah,Other,54.0,Dombivli,Maharashtra,West,2024-02-04
C00472,Meera Mehta,Male,32.0,Ahmedabad,Gujarat,West,2024-02-21
C00473,Rohan Singh,Male,34.0,Mumbai,Maharashtra,West,2024-10-11
C00474,Neha Desai,Male,40.0,Noida,Uttar Pradesh,North,2024-08-11
C00475,Ananya Verma,Male,32.0,Agra,Uttar Pradesh,North,2025-11-19
C00476,Neha Shah,Female,34.0,Kochi,Kerala,South,2025-11-19
C00477,Ishaan Malhotra,Female,51.0,Surat,Gujarat,West,2025-05-15
C00478,Aarav Shah,Female,65.0,Agra,Uttar Pradesh,North,2024-03-04
C00479,Meera Verma,Male,51.0,Vadodara,Gujarat,West,2024-10-09
C00480,Meera Mehta,Female,53.0,Kanpur,Uttar Pradesh,North,2024-07-16
C00481,Aisha Mehta,Male,40.0,Coimbatore,Tamil Nadu,South,2025-10-14
C00482,Ira Khan,Female,57.0,Mysuru,Karnataka,South,2025-11-16
C00483,Neha Patel,Female,53.0,Thane,Maharashtra,West,2025-09-08
C00484,Meera Desai,Female,30.0,Madurai,Tamil Nadu,South,2025-08-16
C00485,Neha Khan,Male,56.0,Mangaluru,Karnataka,South,2024-08-08
C00486,Aditya Iyer,Female,36.0,Dombivli,Maharashtra,West,2026-02-28
C00487,Riya Desai,Male,53.0,Hyderabad,Telangana,South,2025-07-02
C00488,Karan Patel,Female,19.0,Thane,Maharashtra,West,2025-10-04
C00489,Vivaan Malhotra,Female,49.0,Thane,Maharashtra,West,2025-07-14
C00490,Sneha Patel,Male,61.0,Jodhpur,Rajasthan,North,2025-12-21
C00491,Aisha Joshi,Male,21.0,Mangaluru,Karnataka,South,2025-11-25
C00492,Riya Rathod,Female,63.0,Mumbai,Maharashtra,West,2026-02-03
C00493,Rohan Kulkarni,Male,44.0,Bengaluru,Karnataka,South,2024-10-25
C00494,Neha Gupta,Male,26.0,Thiruvananthapuram,Kerala,South,2025-06-06
C00495,Sneha Mehta,Female,29.0,Kozhikode,Kerala,South,2024-09-09
C00496,Kabir Shah,Male,58.0,Madurai,Tamil Nadu,South,2025-08-26
C00497,Riya Gupta,Female,22.0,Rajkot,Gujarat,West,2025-11-01
C00498,Priya Joshi,Female,50.0,Madurai,Tamil Nadu,South,2026-03-04
C00499,Karan Malhotra,Female,47.0,Thane,Maharashtra,West,2024-02-08
C00500,Meera Singh,Female,45.0,Rajkot,Gujarat,West,2024-05-14
C00501,Karan Shah,Female,59.0,Nashik,Maharashtra,West,2025-05-31
C00502,Kabir Iyer,Male,43.0,New Delhi,Delhi,North,2026-03-05
C00503,Vivaan Desai,Male,32.0,Warangal,Telangana,South,2025-06-05
C00504,Aditya Joshi,Female,43.0,Agra,Uttar Pradesh,North,2024-01-08
C00505,Ishaan Iyer,Male,57.0,Kochi,Kerala,South,2024-09-15
C00506,Meera Malhotra,Female,57.0,Mysuru,Karnataka,South,2025-07-19
C00507,Vivaan Khan,Male,28.0,Vadodara,Gujarat,West,2025-06-15
C00508,Aisha Shah,Female,41.0,New Delhi,Delhi,North,2025-03-10
C00509,Manav Gupta,Female,22.0,Jaipur,Rajasthan,North,2025-10-15
C00510,Aarav Khan,Female,61.0,Kozhikode,Kerala,South,2025-09-11
C00511,Riya Sharma,Female,18.0,Nagpur,Maharashtra,West,2024-02-18
C00512,Ananya Malhotra,Female,19.0,Jaipur,Rajasthan,North,2026-03-09
C00513,Kavya Kulkarni,Female,58.0,Hyderabad,Telangana,South,2025-04-16
C00514,Priya Sharma,Male,22.0,Jodhpur,Rajasthan,North,2024-07-10
C00515,Sneha Desai,Female,60.0,Kolkata,West Bengal,East,2025-04-27
C00516,Meera Sharma,Female,55.0,Kanpur,Uttar Pradesh,North,2025-04-24
C00517,Ira Sharma,Female,36.0,Hyderabad,Telangana,South,2025-04-27
C00518,Manav Rathod,Male,58.0,Nashik,Maharashtra,West,2025-03-05
C00519,Ira Kulkarni,Female,41.0,Dombivli,Maharashtra,West,2024-02-20
C00520,Karan Sharma,Female,41.0,Madurai,Tamil Nadu,South,2025-04-30
C00521,Arjun Mehta,Female,25.0,Pune,Maharashtra,West,2024-01-20
C00522,Sneha Malhotra,Female,61.0,Warangal,Telangana,South,2025-01-18
C00523,Meera Verma,Female,49.0,Kochi,Kerala,South,2024-05-02
C00524,Rahul Khan,Male,30.0,Noida,Uttar Pradesh,North,2024-04-07
C00525,Aisha Sharma,Male,26.0,Jaipur,Rajasthan,North,2025-02-03
C00526,Sneha Rathod,Female,40.0,Thiruvananthapuram,Kerala,South,2026-02-06
C00527,Kabir Nair,Male,64.0,Kochi,Kerala,South,2025-06-27
C00528,Riya Joshi,Male,59.0,Mysuru,Karnataka,South,2025-04-08
C00529,Ishaan Kulkarni,Male,38.0,Bengaluru,Karnataka,South,2024-03-24
C00530,Vivaan Singh,Male,30.0,Pune,Maharashtra,West,2025-12-11
C00531,Sneha Rathod,Male,52.0,Coimbatore,Tamil Nadu,South,2024-06-19
C00532,Meera Patel,Female,28.0,Noida,Uttar Pradesh,North,2024-07-22
C00533,Vivaan Kulkarni,Female,49.0,Mangaluru,Karnataka,South,2025-12-12
C00534,Aisha Verma,Female,54.0,Dombivli,Maharashtra,West,2025-08-05
C00535,Ananya Singh,Male,18.0,Chennai,Tamil Nadu,South,2025-04-12
C00536,Meera Gupta,Female,43.0,Warangal,Telangana,South,2025-03-12
C00537,Ira Malhotra,Male,65.0,Agra,Uttar Pradesh,North,2025-04-08
C00538,Arjun Kulkarni,Female,33.0,Kochi,Kerala,South,2024-04-05
C00539,Rohan Sharma,Male,48.0,Mumbai,Maharashtra,West,2025-08-15
C00540,Kavya Patel,Male,19.0,Jodhpur,Rajasthan,North,2025-12-22
C00541,Diya Shah,Female,42.0,Kanpur,Uttar Pradesh,North,2025-05-14
C00542,Aisha Shah,Male,53.0,New Delhi,Delhi,North,2025-11-20
C00543,Manav Verma,Female,29.0,Kanpur,Uttar Pradesh,North,2025-11-09
C00544,Aarav Nair,Male,43.0,Jaipur,Rajasthan,North,2024-09-23
C00545,Meera Verma,Female,22.0,Kolkata,West Bengal,East,2024-06-12
C00546,Aditya Patel,Male,20.0,Mysuru,Karnataka,South,2025-09-29
C00547,Rohan Rathod,Male,22.0,Thiruvananthapuram,Kerala,South,2024-06-18
C00548,Rohan Mehta,Male,46.0,Kochi,Kerala,South,2025-04-15
C00549,Meera Gupta,Male,48.0,Agra,Uttar Pradesh,North,2025-09-05
C00550,Priya Kulkarni,Male,23.0,Chennai,Tamil Nadu,South,2024-11-16
C00551,Ananya Desai,Female,62.0,Nagpur,Maharashtra,West,2026-01-05
C00552,Vivaan Gupta,Female,58.0,Agra,Uttar Pradesh,North,2025-02-02
C00553,Rohan Desai,Male,65.0,Dombivli,Maharashtra,West,2026-01-23
C00554,Ira Rathod,Male,57.0,Mangaluru,Karnataka,South,2024-12-20
C00555,Vivaan Rathod,Female,37.0,Thiruvananthapuram,Kerala,South,2026-01-19
C00556,Ananya Mehta,Female,41.0,Ahmedabad,Gujarat,West,2024-03-31
C00557,Neha Nair,Male,51.0,Thiruvananthapuram,Kerala,South,2024-01-14
C00558,Diya Rathod,Female,56.0,Kolkata,West Bengal,East,2025-02-07
C00559,Aarav Desai,Female,27.0,Pune,Maharashtra,West,2025-06-20
C00560,Kabir Nair,Male,51.0,Kochi,Kerala,South,2024-12-16
C00561,Karan Sharma,Male,35.0,Ahmedabad,Gujarat,West,2024-07-27
C00562,Priya Joshi,Female,22.0,Madurai,Tamil Nadu,South,2024-04-03
C00563,Rahul Patel,Female,60.0,Nashik,Maharashtra,West,2024-02-07
C00564,Riya Patel,Female,61.0,Mumbai,Maharashtra,West,2024-02-14
C00565,Rohan Rathod,Female,51.0,Bengaluru,Karnataka,South,2024-04-27
C00566,Kavya Desai,Male,31.0,Bengaluru,Karnataka,South,2024-10-03
C00567,Rohan Iyer,Male,46.0,Bengaluru,Karnataka,South,2024-01-19
C00568,Priya Iyer,Male,38.0,Mumbai,Maharashtra,West,2025-05-26
C00569,Diya Malhotra,Female,27.0,Nagpur,Maharashtra,West,2026-01-16
C00570,Riya Khan,Female,63.0,Mumbai,Maharashtra,West,2024-12-11
C00571,Rahul Malhotra,Female,40.0,Pune,Maharashtra,West,2024-02-09
C00572,Aarav Iyer,Male,22.0,Vadodara,Gujarat,West,2025-02-10
C00573,Rohan Nair,Male,50.0,Jodhpur,Rajasthan,North,2025-09-28
C00574,Diya Mehta,Female,46.0,Surat,Gujarat,West,2024-12-09
C00575,Karan Rathod,Female,58.0,Kanpur,Uttar Pradesh,North,2024-11-13
C00576,Ira Rathod,Male,26.0,Kanpur,Uttar Pradesh,North,2025-12-24
C00577,Aarav Patel,Male,44.0,Kolkata,West Bengal,East,2024-10-24
C00578,Aisha Patel,Male,19.0,Agra,Uttar Pradesh,North,2025-11-19
C00579,Sneha Rathod,Female,59.0,Hyderabad,Telangana,South,2025-10-21
C00580,Ananya Mehta,Male,27.0,Mangaluru,Karnataka,South,2025-09-14
C00581,Kabir Malhotra,Male,22.0,Mangaluru,Karnataka,South,2024-11-16
C00582,Riya Mehta,Female,63.0,Lucknow,Uttar Pradesh,North,2025-01-07
C00583,Rahul Verma,Male,23.0,Thane,Maharashtra,West,2025-09-26
C00584,Priya Sharma,Male,26.0,Nashik,Maharashtra,West,2024-07-23
C00585,Riya Malhotra,Male,34.0,Thiruvananthapuram,Kerala,South,2024-10-03
C00586,Rahul Malhotra,Female,23.0,Jodhpur,Rajasthan,North,2025-09-08
C00587,Rohan Kulkarni,Male,48.0,Kolkata,West Bengal,East,2024-11-03
C00588,Kabir Verma,Male,43.0,Mumbai,Maharashtra,West,2024-01-24
C00589,Vivaan Verma,Female,41.0,Bengaluru,Karnataka,South,2025-11-29
C00590,Neha Nair,Male,50.0,Kolkata,West Bengal,East,2024-06-05
C00591,Kabir Khan,Male,29.0,Kanpur,Uttar Pradesh,North,2025-07-22
C00592,Ananya Desai,Male,42.0,Kozhikode,Kerala,South,2024-07-30
C00593,Karan Gupta,Male,40.0,Lucknow,Uttar Pradesh,North,2025-07-15
C00594,Aisha Patel,Female,26.0,Bengaluru,Karnataka,South,2025-09-16
C00595,Kabir Malhotra,Female,29.0,Dombivli,Maharashtra,West,2024-01-17
C00596,Riya Gupta,Female,63.0,Ahmedabad,Gujarat,West,2025-03-30
C00597,Neha Nair,Female,65.0,Pune,Maharashtra,West,2025-01-25
C00598,Rahul Singh,Male,55.0,Thiruvananthapuram,Kerala,South,2025-09-04
C00599,Priya Kulkarni,Female,32.0,Coimbatore,Tamil Nadu,South,2025-10-18
C00600,Rahul Malhotra,Male,46.0,Mysuru,Karnataka,South,2025-07-08
C00601,Karan Khan,Female,35.0,Nashik,Maharashtra,West,2024-04-18
C00602,Neha Sharma,Female,24.0,Nagpur,Maharashtra,West,2024-01-12
C00603,Rohan Mehta,Male,21.0,Mysuru,Karnataka,South,2025-03-11
C00604,Priya Joshi,Female,53.0,Kozhikode,Kerala,South,2024-06-30
C00605,Aisha Patel,Male,64.0,Chennai,Tamil Nadu,South,2025-12-09
C00606,Ira Desai,Female,60.0,Surat,Gujarat,West,2025-09-21
C00607,Meera Sharma,Male,55.0,Thiruvananthapuram,Kerala,South,2024-04-12
C00608,Sneha Khan,Female,33.0,Pune,Maharashtra,West,2024-06-13
C00609,Kavya Joshi,Female,38.0,Kanpur,Uttar Pradesh,North,2024-02-22
C00610,Kabir Sharma,Female,40.0,Surat,Gujarat,West,2025-09-26
C00611,Kavya Malhotra,Male,21.0,Jodhpur,Rajasthan,North,2024-02-12
C00612,Riya Sharma,Male,56.0,New Delhi,Delhi,North,2024-01-19
C00613,Sneha Rathod,Female,38.0,Udaipur,Rajasthan,North,2026-03-01
C00614,Rahul Gupta,Male,39.0,Rajkot,Gujarat,West,2025-06-24
C00615,Rahul Verma,Male,55.0,Thiruvananthapuram,Kerala,South,2025-09-04
C00616,Priya Singh,Male,44.0,Noida,Uttar Pradesh,North,2025-05-03
C00617,Karan Verma,Female,57.0,Surat,Gujarat,West,2024-01-03
C00618,Vivaan Sharma,Female,62.0,Mysuru,Karnataka,South,2026-02-11
C00619,Priya Kulkarni,Female,53.0,Ahmedabad,Gujarat,West,2025-06-22
C00620,Rohan Verma,Male,35.0,New Delhi,Delhi,North,2025-10-01
C00621,Kabir Desai,Female,20.0,Udaipur,Rajasthan,North,2024-11-22
C00622,Kavya Sharma,Male,55.0,Madurai,Tamil Nadu,South,2024-02-28
C00623,Ira Rathod,Female,37.0,Nashik,Maharashtra,West,2025-10-19
C00624,Meera Nair,Female,47.0,Kanpur,Uttar Pradesh,North,2024-02-17
C00625,Rahul Desai,Female,26.0,Ahmedabad,Gujarat,West,2025-11-14
C00626,Vivaan Kulkarni,Male,40.0,Bengaluru,Karnataka,South,2025-08-25
C00627,Aisha Mehta,Female,33.0,Mangaluru,Karnataka,South,2026-01-14
C00628,Aarav Joshi,Male,30.0,Kolkata,West Bengal,East,2025-01-18
C00629,Rohan Rathod,Female,39.0,Dombivli,Maharashtra,West,2025-10-25
C00630,Karan Nair,Female,57.0,Kanpur,Uttar Pradesh,North,2024-02-01
C00631,Kavya Sharma,Male,64.0,Nashik,Maharashtra,West,2024-01-16
C00632,Rohan Desai,Female,21.0,Kolkata,West Bengal,East,2025-12-03
C00633,Meera Nair,Male,19.0,Chennai,Tamil Nadu,South,2024-10-10
C00634,Sneha Sharma,Female,34.0,Jodhpur,Rajasthan,North,2024-02-18
C00635,Rohan Desai,Male,59.0,Hyderabad,Telangana,South,2024-06-29
C00636,Kabir Verma,Male,42.0,Dombivli,Maharashtra,West,2025-05-16
C00637,Karan Shah,Male,34.0,Agra,Uttar Pradesh,North,2024-12-14
C00638,Aisha Singh,Male,41.0,Ahmedabad,Gujarat,West,2024-07-24
C00639,Diya Iyer,Other,21.0,Mysuru,Karnataka,South,2024-12-25
C00640,Neha Desai,Male,57.0,Kolkata,West Bengal,East,2024-04-17
C00641,Aisha Verma,Female,47.0,Nagpur,Maharashtra,West,2024-09-30
C00642,Ishaan Kulkarni,Female,40.0,Surat,Gujarat,West,2024-07-22
C00643,Meera Rathod,Male,55.0,Thiruvananthapuram,Kerala,South,2025-04-03
C00644,Manav Patel,Female,37.0,Mangaluru,Karnataka,South,2025-10-15
C00645,Ishaan Malhotra,Male,63.0,Hyderabad,Telangana,South,2024-06-23
C00646,Diya Rathod,Male,64.0,Warangal,Telangana,South,2024-02-28
C00647,Priya Malhotra,Female,44.0,Dombivli,Maharashtra,West,2025-04-24
C00648,Aditya Rathod,Male,51.0,Rajkot,Gujarat,West,2025-12-30
C00649,Aisha Singh,Female,65.0,Udaipur,Rajasthan,North,2025-09-22
C00650,Manav Singh,Male,47.0,Warangal,Telangana,South,2024-07-10
C00651,Karan Desai,Male,32.0,Pune,Maharashtra,West,2024-09-11
C00652,Karan Khan,Female,42.0,Kochi,Kerala,South,2025-09-14
C00653,Aditya Verma,Female,61.0,Nashik,Maharashtra,West,2025-05-05
C00654,Diya Iyer,Female,55.0,Dombivli,Maharashtra,West,2025-09-01
C00655,Karan Gupta,Female,49.0,Dombivli,Maharashtra,West,2024-12-04
C00656,Meera Patel,Female,59.0,Dombivli,Maharashtra,West,2026-03-01
C00657,Arjun Malhotra,Female,32.0,Hyderabad,Telangana,South,2025-04-18
C00658,Aisha Rathod,Male,63.0,Chennai,Tamil Nadu,South,2024-10-01
C00659,Neha Verma,Female,36.0,Coimbatore,Tamil Nadu,South,2025-07-02
C00660,Aisha Patel,Female,42.0,Warangal,Telangana,South,2024-08-29
C00661,Ira Khan,Male,28.0,Warangal,Telangana,South,2024-03-31
C00662,Aarav Verma,Male,38.0,Kochi,Kerala,South,2025-04-21
C00663,Kabir Sharma,Male,55.0,Coimbatore,Tamil Nadu,South,2025-02-05
C00664,Diya Sharma,Female,34.0,Kanpur,Uttar Pradesh,North,2025-08-13
C00665,Aditya Khan,Male,47.0,Surat,Gujarat,West,2024-05-12
C00666,Rahul Desai,Male,53.0,New Delhi,Delhi,North,2024-01-29
C00667,Sneha Rathod,Male,31.0,Madurai,Tamil Nadu,South,2026-01-21
C00668,Aarav Patel,Female,49.0,New Delhi,Delhi,North,2024-09-09
C00669,Diya Nair,Male,35.0,Thiruvananthapuram,Kerala,South,2024-01-26
C00670,Riya Singh,Female,48.0,Dombivli,Maharashtra,West,2025-10-23
C00671,Priya Sharma,Male,22.0,Nagpur,Maharashtra,West,2024-11-24
C00672,Neha Joshi,Other,27.0,Kanpur,Uttar Pradesh,North,2025-03-11
C00673,Aditya Sharma,Female,53.0,Mumbai,Maharashtra,West,2024-07-06
C00674,Karan Kulkarni,Male,32.0,Madurai,Tamil Nadu,South,2026-02-24
C00675,Riya Shah,Male,61.0,Madurai,Tamil Nadu,South,2025-05-16
C00676,Riya Patel,Male,55.0,Kolkata,West Bengal,East,2024-04-05
C00677,Sneha Verma,Female,41.0,Dombivli,Maharashtra,West,2024-10-19
C00678,Manav Patel,Female,65.0,Thane,Maharashtra,West,2025-12-05
C00679,Vivaan Patel,Male,19.0,Dombivli,Maharashtra,West,2025-09-17
C00680,Kavya Kulkarni,Female,42.0,Mumbai,Maharashtra,West,2024-02-12
C00681,Kavya Joshi,Female,37.0,Thane,Maharashtra,West,2024-09-07
C00682,Rahul Joshi,Female,19.0,New Delhi,Delhi,North,2025-12-29
C00683,Ira Patel,Male,26.0,Warangal,Telangana,South,2024-06-28
C00684,Diya Singh,Male,51.0,Kanpur,Uttar Pradesh,North,2025-12-03
C00685,Kavya Joshi,Female,59.0,Mumbai,Maharashtra,West,2024-05-25
C00686,Sneha Rathod,Male,54.0,Nagpur,Maharashtra,West,2025-05-23
C00687,Vivaan Khan,Female,53.0,Nagpur,Maharashtra,West,2025-09-03
C00688,Riya Gupta,Male,63.0,Mumbai,Maharashtra,West,2024-05-17
C00689,Ira Rathod,Male,44.0,Kozhikode,Kerala,South,2024-11-26
C00690,Rahul Sharma,Female,58.0,Thane,Maharashtra,West,2025-09-02
C00691,Ira Kulkarni,Male,46.0,Kolkata,West Bengal,East,2024-11-25
C00692,Ananya Joshi,Female,43.0,Thiruvananthapuram,Kerala,South,2024-01-12
C00693,Priya Sharma,Female,56.0,Vadodara,Gujarat,West,2025-02-01
C00694,Rahul Nair,Male,37.0,Warangal,Telangana,South,2025-09-05
C00695,Meera Rathod,Female,19.0,Noida,Uttar Pradesh,North,2025-07-04
C00696,Ananya Joshi,Male,34.0,Ahmedabad,Gujarat,West,2024-07-30
C00697,Sneha Shah,Female,33.0,Chennai,Tamil Nadu,South,2024-03-22
C00698,Kavya Nair,Female,56.0,Coimbatore,Tamil Nadu,South,2025-12-16
C00699,Rahul Khan,Female,35.0,Mumbai,Maharashtra,West,2024-05-15
C00700,Ira Sharma,Female,61.0,Warangal,Telangana,South,2024-02-05
C00701,Karan Shah,Female,64.0,Hyderabad,Telangana,South,2025-04-07
C00702,Arjun Iyer,Female,33.0,Hyderabad,Telangana,South,2025-09-09
C00703,Karan Joshi,Male,21.0,New Delhi,Delhi,North,2024-01-06
C00704,Sneha Khan,Male,20.0,Kolkata,West Bengal,East,2025-05-16
C00705,Aditya Iyer,Female,45.0,Kolkata,West Bengal,East,2025-01-25
C00706,Karan Shah,Male,45.0,Bengaluru,Karnataka,South,2025-01-18
C00707,Ishaan Shah,Male,54.0,New Delhi,Delhi,North,2025-09-09
C00708,Rohan Patel,Female,33.0,Kanpur,Uttar Pradesh,North,2025-09-03
C00709,Meera Patel,Female,56.0,Warangal,Telangana,South,2026-01-25
C00710,Priya Desai,Male,19.0,Pune,Maharashtra,West,2024-03-14
C00711,Rahul Khan,Male,42.0,Noida,Uttar Pradesh,North,2024-09-04
C00712,Kabir Khan,Female,30.0,Kolkata,West Bengal,East,2025-11-08
C00713,Aisha Verma,Male,62.0,Mangaluru,Karnataka,South,2024-04-25
C00714,Sneha Verma,Female,35.0,Kolkata,West Bengal,East,2024-04-23
C00715,Aditya Singh,Female,46.0,New Delhi,Delhi,North,2025-12-18
C00716,Aisha Nair,Female,40.0,Kolkata,West Bengal,East,2025-06-03
C00717,Ananya Desai,Male,32.0,Surat,Gujarat,West,2025-06-07
C00718,Rahul Iyer,Male,62.0,Coimbatore,Tamil Nadu,South,2025-06-06
C00719,Ira Malhotra,Male,62.0,Bengaluru,Karnataka,South,2024-08-25
C00720,Meera Singh,Other,26.0,New Delhi,Delhi,North,2025-11-27
C00721,Meera Khan,Male,33.0,Mysuru,Karnataka,South,2024-03-01
C00722,Karan Gupta,Male,36.0,Ahmedabad,Gujarat,West,2025-03-17
C00723,Diya Mehta,Female,21.0,Rajkot,Gujarat,West,2025-08-03
C00724,Sneha Gupta,Female,51.0,Thiruvananthapuram,Kerala,South,2025-09-01
C00725,Rohan Khan,Female,22.0,Kozhikode,Kerala,South,2024-05-04
C00726,Kavya Kulkarni,Male,33.0,Rajkot,Gujarat,West,2024-07-31
C00727,Neha Iyer,Male,62.0,Noida,Uttar Pradesh,North,2024-09-11
C00728,Riya Verma,Other,64.0,Vadodara,Gujarat,West,2024-10-21
C00729,Arjun Rathod,Male,36.0,New Delhi,Delhi,North,2024-12-13
C00730,Ishaan Desai,Female,26.0,New Delhi,Delhi,North,2025-07-12
C00731,Rahul Shah,Female,34.0,Surat,Gujarat,West,2024-02-09
C00732,Aisha Sharma,Male,44.0,Kanpur,Uttar Pradesh,North,2024-07-03
C00733,Kabir Rathod,Male,34.0,Mangaluru,Karnataka,South,2025-08-25
C00734,Aisha Desai,Male,26.0,Bengaluru,Karnataka,South,2025-09-27
C00735,Vivaan Sharma,Female,52.0,Chennai,Tamil Nadu,South,2024-08-25
C00736,Diya Singh,Male,63.0,Dombivli,Maharashtra,West,2025-11-10
C00737,Rohan Verma,Male,61.0,Hyderabad,Telangana,South,2024-01-21
C00738,Aarav Verma,Female,41.0,Madurai,Tamil Nadu,South,2025-03-19
C00739,Vivaan Sharma,Female,49.0,Jaipur,Rajasthan,North,2026-01-11
C00740,Kavya Joshi,Female,55.0,New Delhi,Delhi,North,2024-03-12
C00741,Rahul Mehta,Female,64.0,Dombivli,Maharashtra,West,2025-09-22
C00742,Sneha Desai,Male,25.0,Nashik,Maharashtra,West,2026-01-07
C00743,Meera Patel,Female,64.0,Kochi,Kerala,South,2024-12-09
C00744,Rohan Verma,Female,42.0,Dombivli,Maharashtra,West,2024-01-13
C00745,Kavya Desai,Male,25.0,Madurai,Tamil Nadu,South,2025-06-08
C00746,Vivaan Iyer,Male,55.0,New Delhi,Delhi,North,2025-08-07
C00747,Kabir Rathod,Male,30.0,Vadodara,Gujarat,West,2026-02-19
C00748,Kavya Shah,Male,27.0,Agra,Uttar Pradesh,North,2025-08-02
C00749,Riya Gupta,Male,57.0,New Delhi,Delhi,North,2024-02-05
C00750,Priya Rathod,Female,20.0,New Delhi,Delhi,North,2024-07-08
C00751,Manav Shah,Male,18.0,Surat,Gujarat,West,2024-02-20
C00752,Priya Malhotra,Male,32.0,Chennai,Tamil Nadu,South,2026-01-16
C00753,Aarav Shah,Other,31.0,Lucknow,Uttar Pradesh,North,2025-10-10
C00754,Aditya Patel,Female,53.0,Rajkot,Gujarat,West,2024-06-10
C00755,Karan Verma,Other,59.0,Bengaluru,Karnataka,South,2026-02-16
C00756,Aditya Shah,Male,59.0,Lucknow,Uttar Pradesh,North,2024-04-09
C00757,Ira Rathod,Male,42.0,Surat,Gujarat,West,2024-01-10
C00758,Ishaan Singh,Male,45.0,Hyderabad,Telangana,South,2026-01-09
C00759,Diya Patel,Male,58.0,Mysuru,Karnataka,South,2025-03-15
C00760,Riya Rathod,Male,39.0,Kochi,Kerala,South,2025-09-30
C00761,Diya Desai,Female,32.0,Noida,Uttar Pradesh,North,2024-09-04
C00762,Ananya Kulkarni,Female,65.0,Warangal,Telangana,South,2025-10-24
C00763,Manav Malhotra,Female,62.0,Kanpur,Uttar Pradesh,North,2024-07-22
C00764,Kabir Kulkarni,Male,60.0,Thane,Maharashtra,West,2024-03-24
C00765,Kabir Khan,Male,38.0,Chennai,Tamil Nadu,South,2025-05-01
C00766,Diya Joshi,Female,30.0,Vadodara,Gujarat,West,2024-05-22
C00767,Manav Shah,Male,48.0,Lucknow,Uttar Pradesh,North,2026-01-25
C00768,Vivaan Mehta,Female,27.0,Agra,Uttar Pradesh,North,2025-09-02
C00769,Meera Nair,Female,18.0,Jaipur,Rajasthan,North,2024-02-18
C00770,Kabir Patel,Female,20.0,Kozhikode,Kerala,South,2024-05-25
C00771,Aisha Khan,Male,37.0,Thiruvananthapuram,Kerala,South,2024-01-13
C00772,Arjun Joshi,Male,33.0,Warangal,Telangana,South,2024-08-25
C00773,Arjun Nair,Male,47.0,Mangaluru,Karnataka,South,2025-10-24
C00774,Manav Joshi,Male,64.0,Surat,Gujarat,West,2025-08-25
C00775,Aarav Kulkarni,Female,60.0,Coimbatore,Tamil Nadu,South,2025-10-05
C00776,Kabir Verma,Male,23.0,Dombivli,Maharashtra,West,2024-12-24
C00777,Sneha Iyer,Male,56.0,Madurai,Tamil Nadu,South,2024-10-25
C00778,Ishaan Desai,Female,63.0,Kolkata,West Bengal,East,2025-04-30
C00779,Arjun Desai,Female,25.0,Kolkata,West Bengal,East,2024-03-09
C00780,Rahul Desai,Male,33.0,Dombivli,Maharashtra,West,2026-01-27
C00781,Kabir Kulkarni,Female,57.0,New Delhi,Delhi,North,2026-01-30
C00782,Karan Rathod,Female,43.0,Rajkot,Gujarat,West,2025-10-01
C00783,Riya Kulkarni,Male,18.0,New Delhi,Delhi,North,2025-11-01
C00784,Sneha Desai,Male,45.0,Nagpur,Maharashtra,West,2026-02-19
C00785,Rahul Desai,Female,53.0,Mangaluru,Karnataka,South,2025-06-03
C00786,Aisha Gupta,Female,59.0,Mysuru,Karnataka,South,2025-01-07
C00787,Rahul Shah,Male,58.0,Surat,Gujarat,West,2024-03-04
C00788,Riya Iyer,Female,64.0,Warangal,Telangana,South,2024-11-13
C00789,Aditya Patel,Male,50.0,Pune,Maharashtra,West,2025-03-14
C00790,Ananya Sharma,Female,20.0,Kolkata,West Bengal,East,2024-02-03
C00791,Manav Patel,Male,40.0,Mangaluru,Karnataka,South,2024-09-15
C00792,Diya Malhotra,Male,64.0,Kanpur,Uttar Pradesh,North,2026-02-14
C00793,Aarav Shah,Male,36.0,Mangaluru,Karnataka,South,2025-07-05
C00794,Aarav Nair,Female,63.0,Mangaluru,Karnataka,South,2024-04-15
C00795,Kabir Rathod,Male,23.0,Dombivli,Maharashtra,West,2024-02-25
C00796,Ananya Joshi,Female,65.0,Thiruvananthapuram,Kerala,South,2024-05-22
C00797,Aditya Patel,Male,45.0,Kanpur,Uttar Pradesh,North,2025-10-28
C00798,Meera Mehta,Female,19.0,Kanpur,Uttar Pradesh,North,2025-05-01
C00799,Kavya Malhotra,Female,23.0,Mumbai,Maharashtra,West,2024-07-04
C00800,Aditya Iyer,Female,45.0,Lucknow,Uttar Pradesh,North,2024-08-03
C00801,Aisha Kulkarni,Female,26.0,Kozhikode,Kerala,South,2025-06-06
C00802,Priya Sharma,Male,48.0,Surat,Gujarat,West,2025-04-18
C00803,Diya Verma,Male,61.0,Pune,Maharashtra,West,2025-08-12
C00804,Kabir Patel,Female,54.0,Nashik,Maharashtra,West,2024-10-11
C00805,Kavya Shah,Male,53.0,Jaipur,Rajasthan,North,2025-09-23
C00806,Ishaan Iyer,Male,53.0,Noida,Uttar Pradesh,North,2024-05-31
C00807,Arjun Verma,Male,24.0,Lucknow,Uttar Pradesh,North,2024-05-22
C00808,Ira Mehta,Male,38.0,Kanpur,Uttar Pradesh,North,2024-08-19
C00809,Sneha Shah,Female,33.0,Kochi,Kerala,South,2024-03-07
C00810,Manav Mehta,Female,53.0,New Delhi,Delhi,North,2024-06-04
C00811,Diya Singh,Male,62.0,Nashik,Maharashtra,West,2025-09-21
C00812,Diya Singh,Male,25.0,Nagpur,Maharashtra,West,2025-08-22
C00813,Riya Gupta,Male,31.0,Rajkot,Gujarat,West,2024-10-13
C00814,Aarav Malhotra,Female,31.0,Kochi,Kerala,South,2024-01-30
C00815,Vivaan Desai,Male,33.0,Mysuru,Karnataka,South,2025-04-26
C00816,Priya Rathod,Male,65.0,Kolkata,West Bengal,East,2026-02-20
C00817,Kavya Kulkarni,Female,18.0,Lucknow,Uttar Pradesh,North,2025-08-19
C00818,Riya Sharma,Female,20.0,Mangaluru,Karnataka,South,2024-12-20
C00819,Aarav Gupta,Female,26.0,Kanpur,Uttar Pradesh,North,2026-01-06
C00820,Diya Kulkarni,Female,33.0,Vadodara,Gujarat,West,2024-06-11
C00821,Priya Singh,Female,21.0,Agra,Uttar Pradesh,North,2024-10-21
C00822,Rohan Sharma,Female,52.0,Kanpur,Uttar Pradesh,North,2025-04-10
C00823,Karan Malhotra,Male,63.0,Noida,Uttar Pradesh,North,2024-10-07
C00824,Karan Shah,Female,59.0,Thiruvananthapuram,Kerala,South,2025-01-25
C00825,Aditya Verma,Female,27.0,Kanpur,Uttar Pradesh,North,2025-09-15
C00826,Ishaan Nair,Male,23.0,Thane,Maharashtra,West,2024-12-27
C00827,Vivaan Joshi,Male,22.0,Rajkot,Gujarat,West,2025-09-27
C00828,Arjun Singh,Male,44.0,Jaipur,Rajasthan,North,2024-05-10
C00829,Rohan Khan,Male,59.0,Lucknow,Uttar Pradesh,North,2024-02-18
C00830,Rahul Joshi,Male,34.0,Jodhpur,Rajasthan,North,2026-01-21
C00831,Kabir Nair,Male,22.0,Kolkata,West Bengal,East,2024-08-29
C00832,Diya Shah,Male,20.0,Agra,Uttar Pradesh,North,2025-08-07
C00833,Aarav Kulkarni,Female,63.0,Dombivli,Maharashtra,West,2026-02-19
C00834,Rahul Khan,Male,20.0,Pune,Maharashtra,West,2025-02-05
C00835,Ananya Shah,Male,63.0,Mumbai,Maharashtra,West,2024-03-07
C00836,Vivaan Iyer,Female,44.0,Nashik,Maharashtra,West,2024-10-26
C00837,Priya Desai,Female,37.0,Thiruvananthapuram,Kerala,South,2024-11-15
C00838,Aisha Kulkarni,Male,35.0,Madurai,Tamil Nadu,South,2025-01-10
C00839,Rohan Mehta,Female,25.0,Mysuru,Karnataka,South,2025-09-03
C00840,Ananya Singh,Female,54.0,Warangal,Telangana,South,2026-02-17
C00841,Rohan Shah,Female,19.0,Coimbatore,Tamil Nadu,South,2024-09-27
C00842,Riya Gupta,Male,58.0,Kozhikode,Kerala,South,2025-12-15
C00843,Rahul Kulkarni,Male,38.0,Jaipur,Rajasthan,North,2025-09-21
C00844,Aarav Desai,Female,42.0,Udaipur,Rajasthan,North,2024-01-19
C00845,Aisha Nair,Male,38.0,Coimbatore,Tamil Nadu,South,2024-06-02
C00846,Aisha Desai,Female,40.0,Mysuru,Karnataka,South,2024-02-27
C00847,Meera Patel,Female,61.0,Rajkot,Gujarat,West,2024-09-30
C00848,Karan Desai,Male,39.0,Kanpur,Uttar Pradesh,North,2025-08-14
C00849,Diya Iyer,Female,34.0,Thane,Maharashtra,West,2025-08-04
C00850,Manav Singh,Female,30.0,Bengaluru,Karnataka,South,2025-09-13
C00851,Aditya Singh,Female,33.0,Mangaluru,Karnataka,South,2024-02-12
C00852,Ishaan Rathod,Male,51.0,Mysuru,Karnataka,South,2024-01-28
C00853,Kabir Rathod,Female,64.0,Lucknow,Uttar Pradesh,North,2024-07-31
C00854,Rahul Iyer,Female,60.0,Mumbai,Maharashtra,West,2025-12-13
C00855,Rohan Mehta,Female,23.0,Pune,Maharashtra,West,2025-12-01
C00856,Rohan Mehta,Male,32.0,Kochi,Kerala,South,2025-10-25
C00857,Priya Shah,Male,40.0,Mysuru,Karnataka,South,2025-07-25
C00858,Arjun Singh,Male,64.0,Agra,Uttar Pradesh,North,2025-08-16
C00859,Sneha Kulkarni,Male,46.0,Kozhikode,Kerala,South,2025-06-17
C00860,Neha Iyer,Female,50.0,Kolkata,West Bengal,East,2025-12-13
C00861,Karan Nair,Female,54.0,Thiruvananthapuram,Kerala,South,2025-02-09
C00862,Neha Malhotra,Female,51.0,Bengaluru,Karnataka,South,2024-04-24
C00863,Vivaan Patel,Male,42.0,Thane,Maharashtra,West,2024-05-29
C00864,Ira Sharma,Male,19.0,Jodhpur,Rajasthan,North,2025-05-16
C00865,Kavya Patel,Male,18.0,Coimbatore,Tamil Nadu,South,2024-05-14
C00866,Arjun Mehta,Male,53.0,Kolkata,West Bengal,East,2025-10-28
C00867,Aisha Desai,Female,43.0,Nagpur,Maharashtra,West,2024-04-04
C00868,Neha Khan,Male,53.0,Dombivli,Maharashtra,West,2024-06-05
C00869,Arjun Verma,Male,64.0,Bengaluru,Karnataka,South,2024-12-18
C00870,Kabir Gupta,Female,52.0,Nagpur,Maharashtra,West,2025-02-25
C00871,Aditya Khan,Male,22.0,Noida,Uttar Pradesh,North,2024-10-03
C00872,Aditya Kulkarni,Female,31.0,Noida,Uttar Pradesh,North,2025-03-07
C00873,Priya Khan,Male,49.0,Udaipur,Rajasthan,North,2025-04-08
C00874,Aditya Kulkarni,Male,65.0,Hyderabad,Telangana,South,2025-09-01
C00875,Aarav Iyer,Male,30.0,Mysuru,Karnataka,South,2025-07-24
C00876,Rahul Mehta,Female,38.0,Kozhikode,Kerala,South,2024-11-19
C00877,Aisha Malhotra,Female,38.0,Warangal,Telangana,South,2025-03-18
C00878,Karan Kulkarni,Male,19.0,Thane,Maharashtra,West,2025-11-12
C00879,Ishaan Nair,Female,39.0,Mumbai,Maharashtra,West,2025-05-27
C00880,Ananya Nair,Female,26.0,Thane,Maharashtra,West,2025-11-05
C00881,Vivaan Rathod,Male,58.0,Dombivli,Maharashtra,West,2024-08-05
C00882,Rohan Nair,Female,47.0,Mumbai,Maharashtra,West,2024-07-16
C00883,Ira Singh,Female,46.0,Bengaluru,Karnataka,South,2024-09-27
C00884,Manav Gupta,Male,55.0,Mysuru,Karnataka,South,2024-07-07
C00885,Manav Khan,Male,50.0,Nashik,Maharashtra,West,2024-03-25
C00886,Rahul Desai,Male,26.0,Mangaluru,Karnataka,South,2025-07-29
C00887,Rahul Desai,Male,34.0,Kolkata,West Bengal,East,2024-08-20
C00888,Arjun Iyer,Female,19.0,Lucknow,Uttar Pradesh,North,2025-06-10
C00889,Rahul Sharma,Female,25.0,Lucknow,Uttar Pradesh,North,2024-04-20
C00890,Riya Gupta,Other,63.0,Bengaluru,Karnataka,South,2025-07-28
C00891,Karan Nair,Male,42.0,Thane,Maharashtra,West,2024-08-18
C00892,Ira Gupta,Male,63.0,Jaipur,Rajasthan,North,2025-08-24
C00893,Ishaan Nair,Female,44.0,Pune,Maharashtra,West,2026-01-09
C00894,Kabir Kulkarni,Female,62.0,Nashik,Maharashtra,West,2025-08-27
C00895,Arjun Sharma,Male,42.0,Coimbatore,Tamil Nadu,South,2024-07-27
C00896,Arjun Desai,Male,52.0,Udaipur,Rajasthan,North,2024-01-26
C00897,Kabir Nair,Female,31.0,Kozhikode,Kerala,South,2024-02-23
C00898,Priya Sharma,Female,53.0,Mangaluru,Karnataka,South,2025-10-06
C00899,Karan Joshi,Male,58.0,Surat,Gujarat,West,2025-08-05
C00900,Riya Mehta,Male,34.0,Nagpur,Maharashtra,West,2025-03-09
C00901,Rahul Sharma,Female,51.0,Mangaluru,Karnataka,South,2024-11-17
C00902,Aditya Mehta,Female,20.0,Kolkata,West Bengal,East,2024-06-27
C00903,Vivaan Mehta,Male,56.0,Chennai,Tamil Nadu,South,2026-01-22
C00904,Kavya Rathod,Female,23.0,Kochi,Kerala,South,2025-01-30
C00905,Meera Sharma,Male,44.0,Mysuru,Karnataka,South,2024-12-23
C00906,Meera Nair,Female,58.0,Noida,Uttar Pradesh,North,2024-01-07
C00907,Vivaan Khan,Male,53.0,Thiruvananthapuram,Kerala,South,2025-11-24
C00908,Neha Shah,Female,30.0,New Delhi,Delhi,North,2025-07-03
C00909,Neha Malhotra,Female,27.0,Dombivli,Maharashtra,West,2024-03-06
C00910,Meera Sharma,Male,38.0,Jodhpur,Rajasthan,North,2025-08-31
C00911,Diya Rathod,Male,51.0,Warangal,Telangana,South,2024-02-14
C00912,Meera Khan,Female,36.0,Noida,Uttar Pradesh,North,2025-12-26
C00913,Priya Nair,Other,37.0,Rajkot,Gujarat,West,2024-02-23
C00914,Aisha Rathod,Male,19.0,Ahmedabad,Gujarat,West,2025-08-26
C00915,Vivaan Verma,Female,40.0,Lucknow,Uttar Pradesh,North,2025-01-01
C00916,Aarav Shah,Female,64.0,Agra,Uttar Pradesh,North,2026-01-12
C00917,Riya Mehta,Male,18.0,Vadodara,Gujarat,West,2025-04-24
C00918,Karan Gupta,Male,53.0,New Delhi,Delhi,North,2026-02-09
C00919,Rohan Khan,Female,50.0,Kanpur,Uttar Pradesh,North,2025-12-21
C00920,Neha Iyer,Male,20.0,Coimbatore,Tamil Nadu,South,2025-11-12
C00921,Kabir Kulkarni,Female,45.0,Surat,Gujarat,West,2025-12-02
C00922,Manav Malhotra,Male,25.0,Chennai,Tamil Nadu,South,2025-10-03
C00923,Ananya Shah,Male,41.0,New Delhi,Delhi,North,2025-03-24
C00924,Kabir Nair,Female,65.0,Chennai,Tamil Nadu,South,2024-04-23
C00925,Arjun Khan,Female,60.0,Rajkot,Gujarat,West,2025-11-15
C00926,Neha Iyer,Female,22.0,Nagpur,Maharashtra,West,2025-08-28
C00927,Manav Gupta,Male,23.0,Mangaluru,Karnataka,South,2025-02-23
C00928,Aarav Singh,Female,34.0,Pune,Maharashtra,West,2025-01-29
C00929,Ananya Malhotra,Female,25.0,Warangal,Telangana,South,2025-08-31
C00930,Kavya Desai,Male,46.0,Mysuru,Karnataka,South,2024-02-16
C00931,Aisha Mehta,Female,61.0,New Delhi,Delhi,North,2024-01-12
C00932,Kavya Malhotra,Female,48.0,Udaipur,Rajasthan,North,2026-03-04
C00933,Arjun Gupta,Female,41.0,Warangal,Telangana,South,2024-12-05
C00934,Vivaan Singh,Male,58.0,Mumbai,Maharashtra,West,2024-09-12
C00935,Manav Kulkarni,Male,46.0,Dombivli,Maharashtra,West,2025-01-28
C00936,Ishaan Nair,Female,34.0,Lucknow,Uttar Pradesh,North,2025-03-02
C00937,Kabir Nair,Female,25.0,Mumbai,Maharashtra,West,2024-03-31
C00938,Vivaan Singh,Female,29.0,Nagpur,Maharashtra,West,2024-02-21
C00939,Neha Joshi,Female,26.0,Chennai,Tamil Nadu,South,2025-01-30
C00940,Diya Verma,Female,49.0,Mumbai,Maharashtra,West,2025-08-19
C00941,Arjun Sharma,Male,64.0,Coimbatore,Tamil Nadu,South,2024-02-09
C00942,Karan Shah,Male,52.0,Thiruvananthapuram,Kerala,South,2025-02-14
C00943,Kabir Khan,Female,20.0,Thiruvananthapuram,Kerala,South,2024-09-09
C00944,Aisha Kulkarni,Female,48.0,Kozhikode,Kerala,South,2026-01-31
C00945,Aarav Nair,Male,45.0,Jaipur,Rajasthan,North,2026-02-02
C00946,Karan Malhotra,Male,49.0,Vadodara,Gujarat,West,2025-03-29
C00947,Aarav Desai,Male,28.0,Nagpur,Maharashtra,West,2024-05-08
C00948,Aditya Rathod,Male,53.0,Ahmedabad,Gujarat,West,2025-05-10
C00949,Rohan Rathod,Female,36.0,Mumbai,Maharashtra,West,2025-10-10
C00950,Arjun Gupta,Female,59.0,Ahmedabad,Gujarat,West,2024-09-20
C00951,Meera Singh,Male,52.0,Kolkata,West Bengal,East,2025-02-12
C00952,Meera Singh,Male,56.0,Lucknow,Uttar Pradesh,North,2025-11-08
C00953,Ananya Kulkarni,Male,24.0,Vadodara,Gujarat,West,2024-01-07
C00954,Kabir Sharma,Female,44.0,Dombivli,Maharashtra,West,2025-01-24
C00955,Meera Khan,Female,63.0,Bengaluru,Karnataka,South,2026-03-02
C00956,Karan Mehta,Male,62.0,New Delhi,Delhi,North,2024-04-07
C00957,Neha Patel,Male,54.0,New Delhi,Delhi,North,2024-05-17
C00958,Ira Singh,Female,38.0,Madurai,Tamil Nadu,South,2025-09-01
C00959,Karan Malhotra,Male,29.0,Thiruvananthapuram,Kerala,South,2024-09-25
C00960,Arjun Gupta,Male,21.0,Kochi,Kerala,South,2026-02-28
C00961,Aisha Gupta,Female,59.0,Lucknow,Uttar Pradesh,North,2025-01-19
C00962,Ananya Rathod,Male,63.0,Surat,Gujarat,West,2024-09-14
C00963,Meera Iyer,Female,29.0,Warangal,Telangana,South,2025-06-15
C00964,Diya Nair,Female,63.0,Surat,Gujarat,West,2024-08-03
C00965,Ananya Khan,Male,65.0,Vadodara,Gujarat,West,2025-01-31
C00966,Kabir Desai,Female,47.0,Nagpur,Maharashtra,West,2025-03-28
C00967,Riya Khan,Male,54.0,Nashik,Maharashtra,West,2024-08-14
C00968,Neha Khan,Female,48.0,Nashik,Maharashtra,West,2024-12-17
C00969,Kavya Mehta,Female,43.0,Kolkata,West Bengal,East,2024-08-04
C00970,Ira Singh,Female,61.0,Kolkata,West Bengal,East,2026-03-07
C00971,Ananya Mehta,Male,63.0,Udaipur,Rajasthan,North,2024-01-05
C00972,Karan Nair,Male,60.0,Mysuru,Karnataka,South,2024-03-11
C00973,Ira Nair,Male,51.0,Pune,Maharashtra,West,2024-09-22
C00974,Aisha Singh,Female,19.0,New Delhi,Delhi,North,2025-10-21
C00975,Diya Gupta,Male,45.0,Vadodara,Gujarat,West,2024-07-11
C00976,Priya Kulkarni,Female,31.0,New Delhi,Delhi,North,2024-02-13
C00977,Vivaan Singh,Female,61.0,Kanpur,Uttar Pradesh,North,2024-07-10
C00978,Riya Shah,Female,64.0,Pune,Maharashtra,West,2025-05-19
C00979,Diya Nair,Female,32.0,Madurai,Tamil Nadu,South,2025-06-11
C00980,Ira Singh,Female,34.0,Coimbatore,Tamil Nadu,South,2025-01-29
C00981,Karan Singh,Male,32.0,Agra,Uttar Pradesh,North,2024-07-11
C00982,Aisha Rathod,Male,50.0,Kanpur,Uttar Pradesh,North,2024-03-10
C00983,Arjun Patel,Female,54.0,Thane,Maharashtra,West,2024-03-02
C00984,Manav Sharma,Male,60.0,Chennai,Tamil Nadu,South,2024-03-17
C00985,Karan Rathod,Female,40.0,New Delhi,Delhi,North,2025-11-25
C00986,Kavya Verma,Female,55.0,Kolkata,West Bengal,East,2025-01-07
C00987,Karan Khan,Male,60.0,Thane,Maharashtra,West,2024-03-21
C00988,Vivaan Gupta,Male,20.0,Coimbatore,Tamil Nadu,South,2025-08-09
C00989,Ira Malhotra,Female,65.0,Vadodara,Gujarat,West,2025-07-21
C00990,Rohan Malhotra,Female,30.0,Kanpur,Uttar Pradesh,North,2024-10-14
C00991,Priya Khan,Female,20.0,New Delhi,Delhi,North,2024-05-03
C00992,Kavya Gupta,Male,49.0,Mysuru,Karnataka,South,2026-02-15
C00993,Ananya Nair,Female,54.0,Kolkata,West Bengal,East,2025-06-09
C00994,Karan Nair,Female,18.0,Bengaluru,Karnataka,South,2024-06-22
C00995,Ishaan Khan,Other,32.0,Madurai,Tamil Nadu,South,2025-12-17
C00996,Vivaan Kulkarni,Male,64.0,Dombivli,Maharashtra,West,2024-09-04
C00997,Rohan Nair,Female,23.0,Coimbatore,Tamil Nadu,South,2025-11-19
C00998,Manav Desai,Female,51.0,Noida,Uttar Pradesh,North,2025-01-21
C00999,Kabir Singh,Female,43.0,Nashik,Maharashtra,West,2025-06-07
C01000,Ira Iyer,Male,26.0,Mumbai,Maharashtra,West,2025-09-30
C01001,Diya Sharma,Female,40.0,Mysuru,Karnataka,South,2024-01-07
C01002,Meera Singh,Male,45.0,Noida,Uttar Pradesh,North,2024-07-20
C01003,Aarav Khan,Female,63.0,Mumbai,Maharashtra,West,2025-03-23
C01004,Neha Desai,Male,45.0,Madurai,Tamil Nadu,South,2025-08-22
C01005,Karan Kulkarni,Male,19.0,Kozhikode,Kerala,South,2025-07-06
C01006,Neha Patel,Female,26.0,Warangal,Telangana,South,2025-02-26
C01007,Sneha Khan,Female,28.0,Coimbatore,Tamil Nadu,South,2025-11-10
C01008,Rahul Patel,Male,20.0,Madurai,Tamil Nadu,South,2024-06-17
C01009,Kabir Sharma,Other,34.0,Thiruvananthapuram,Kerala,South,2025-06-11
C01010,Karan Mehta,Female,65.0,Nashik,Maharashtra,West,2024-08-20
C01011,Kabir Malhotra,Female,46.0,Kozhikode,Kerala,South,2026-01-09
C01012,Meera Kulkarni,Female,43.0,Kolkata,West Bengal,East,2026-01-23
C01013,Ananya Sharma,Male,42.0,Jaipur,Rajasthan,North,2024-09-27
C01014,Ishaan Iyer,Female,35.0,Coimbatore,Tamil Nadu,South,2025-07-19
C01015,Rohan Desai,Male,54.0,Lucknow,Uttar Pradesh,North,2024-03-19
C01016,Kavya Patel,Female,39.0,Thiruvananthapuram,Kerala,South,2024-02-15
C01017,Rohan Mehta,Female,63.0,New Delhi,Delhi,North,2025-07-15
C01018,Neha Kulkarni,Female,36.0,Mangaluru,Karnataka,South,2025-08-30
C01019,Ira Malhotra,Male,43.0,Kozhikode,Kerala,South,2024-05-20
C01020,Kabir Malhotra,Male,40.0,Warangal,Telangana,South,2025-08-28
C01021,Rahul Malhotra,Female,34.0,Kanpur,Uttar Pradesh,North,2024-08-13
C01022,Karan Shah,Male,65.0,Bengaluru,Karnataka,South,2024-07-30
C01023,Arjun Kulkarni,Female,55.0,Madurai,Tamil Nadu,South,2024-12-22
C01024,Priya Mehta,Female,48.0,Warangal,Telangana,South,2025-01-08
C01025,Neha Verma,Female,35.0,Madurai,Tamil Nadu,South,2024-05-06
C01026,Ishaan Desai,Female,23.0,Kolkata,West Bengal,East,2024-12-27
C01027,Diya Malhotra,Female,56.0,Nashik,Maharashtra,West,2024-07-17
C01028,Sneha Verma,Female,39.0,Pune,Maharashtra,West,2025-05-02
C01029,Aarav Nair,Female,60.0,Ahmedabad,Gujarat,West,2025-07-29
C01030,Aarav Iyer,Male,31.0,Hyderabad,Telangana,South,2024-02-26
C01031,Arjun Singh,Male,25.0,Nagpur,Maharashtra,West,2026-01-12
C01032,Karan Gupta,Male,30.0,Madurai,Tamil Nadu,South,2025-07-27
C01033,Kabir Nair,Female,50.0,Kolkata,West Bengal,East,2024-02-08
C01034,Neha Mehta,Male,48.0,Lucknow,Uttar Pradesh,North,2024-01-25
C01035,Aarav Malhotra,Female,48.0,Thiruvananthapuram,Kerala,South,2025-01-05
C01036,Riya Singh,Female,46.0,New Delhi,Delhi,North,2024-02-14
C01037,Aisha Malhotra,Female,43.0,Jaipur,Rajasthan,North,2024-03-18
C01038,Arjun Iyer,Female,43.0,Madurai,Tamil Nadu,South,2025-06-29
C01039,Ananya Rathod,Male,48.0,Nagpur,Maharashtra,West,2025-01-23
C01040,Diya Malhotra,Male,24.0,Madurai,Tamil Nadu,South,2025-05-17
C01041,Rohan Verma,Male,62.0,New Delhi,Delhi,North,2025-07-11
C01042,Kavya Shah,Female,37.0,Mysuru,Karnataka,South,2024-01-22
C01043,Kabir Sharma,Female,33.0,Dombivli,Maharashtra,West,2024-12-04
C01044,Karan Nair,Male,24.0,Mumbai,Maharashtra,West,2024-05-21
C01045,Meera Shah,Male,33.0,Mangaluru,Karnataka,South,2024-07-18
C01046,Sneha Malhotra,Male,39.0,Ahmedabad,Gujarat,West,2024-01-28
C01047,Aditya Khan,Male,23.0,Nagpur,Maharashtra,West,2024-03-13
C01048,Manav Verma,Female,37.0,Kozhikode,Kerala,South,2025-10-29
C01049,Ananya Sharma,Female,60.0,New Delhi,Delhi,North,2024-11-13
C01050,Aarav Desai,Female,65.0,Kochi,Kerala,South,2025-06-14
C01051,Aditya Joshi,Male,18.0,New Delhi,Delhi,North,2024-01-31
C01052,Aisha Kulkarni,Female,18.0,Agra,Uttar Pradesh,North,2024-08-28
C01053,Kabir Verma,Male,23.0,Jaipur,Rajasthan,North,2024-05-04
C01054,Rohan Desai,Other,19.0,Thane,Maharashtra,West,2026-01-11
C01055,Diya Verma,Male,30.0,Noida,Uttar Pradesh,North,2025-07-28
C01056,Kavya Sharma,Female,20.0,Agra,Uttar Pradesh,North,2024-02-14
C01057,Ishaan Gupta,Female,38.0,Lucknow,Uttar Pradesh,North,2024-11-20
C01058,Diya Kulkarni,Female,64.0,Lucknow,Uttar Pradesh,North,2026-01-03
C01059,Ira Khan,Male,39.0,Kolkata,West Bengal,East,2025-04-27
C01060,Ishaan Mehta,Female,58.0,Kolkata,West Bengal,East,2025-06-04
C01061,Diya Desai,Male,63.0,Mysuru,Karnataka,South,2024-06-07
C01062,Rahul Singh,Male,65.0,Mangaluru,Karnataka,South,2024-01-15
C01063,Sneha Sharma,Female,43.0,Surat,Gujarat,West,2025-02-26
C01064,Ishaan Verma,Male,23.0,Kochi,Kerala,South,2025-02-25
C01065,Kavya Shah,Female,58.0,Pune,Maharashtra,West,2026-01-10
C01066,Aditya Joshi,Female,38.0,Nagpur,Maharashtra,West,2025-01-01
C01067,Arjun Verma,Male,39.0,Dombivli,Maharashtra,West,2024-11-08
C01068,Meera Malhotra,Female,39.0,Mangaluru,Karnataka,South,2025-05-21
C01069,Rahul Rathod,Male,58.0,Noida,Uttar Pradesh,North,2024-05-08
C01070,Aisha Nair,Female,62.0,Chennai,Tamil Nadu,South,2024-11-09
C01071,Ira Kulkarni,Male,38.0,Dombivli,Maharashtra,West,2024-05-27
C01072,Kavya Singh,Female,55.0,Thiruvananthapuram,Kerala,South,2024-06-27
C01073,Diya Verma,Male,48.0,Nagpur,Maharashtra,West,2025-04-07
C01074,Riya Desai,Male,64.0,Coimbatore,Tamil Nadu,South,2024-02-18
C01075,Riya Nair,Female,45.0,Warangal,Telangana,South,2024-04-20
C01076,Aarav Singh,Male,58.0,Hyderabad,Telangana,South,2024-08-05
C01077,Aarav Desai,Other,34.0,Mumbai,Maharashtra,West,2024-09-05
C01078,Karan Khan,Male,39.0,Lucknow,Uttar Pradesh,North,2025-07-10
C01079,Diya Gupta,Male,41.0,Mangaluru,Karnataka,South,2025-04-22
C01080,Sneha Joshi,Male,31.0,Chennai,Tamil Nadu,South,2025-10-07
C01081,Aisha Rathod,Female,60.0,Warangal,Telangana,South,2025-06-01
C01082,Arjun Verma,Female,61.0,Pune,Maharashtra,West,2025-11-14
C01083,Arjun Desai,Female,21.0,Noida,Uttar Pradesh,North,2024-11-18
C01084,Diya Joshi,Male,33.0,Vadodara,Gujarat,West,2025-02-20
C01085,Ira Kulkarni,Male,32.0,New Delhi,Delhi,North,2025-03-15
C01086,Priya Khan,Female,33.0,Noida,Uttar Pradesh,North,2025-01-21
C01087,Vivaan Gupta,Other,62.0,Nagpur,Maharashtra,West,2024-10-09
C01088,Riya Desai,Male,22.0,Jodhpur,Rajasthan,North,2025-02-09
C01089,Diya Malhotra,Male,49.0,Chennai,Tamil Nadu,South,2024-10-02
C01090,Priya Mehta,Male,47.0,Kochi,Kerala,South,2024-10-21
C01091,Ira Shah,Male,54.0,Dombivli,Maharashtra,West,2025-06-09
C01092,Karan Rathod,Female,21.0,Dombivli,Maharashtra,West,2025-03-16
C01093,Kabir Rathod,Female,37.0,Thane,Maharashtra,West,2025-07-19
C01094,Kavya Malhotra,Male,36.0,Ahmedabad,Gujarat,West,2025-07-04
C01095,Neha Singh,Female,42.0,Lucknow,Uttar Pradesh,North,2025-07-13
C01096,Ananya Kulkarni,Male,49.0,Warangal,Telangana,South,2024-05-19
C01097,Sneha Rathod,Other,46.0,Kolkata,West Bengal,East,2026-02-13
C01098,Ananya Joshi,Female,63.0,Kolkata,West Bengal,East,2024-03-14
C01099,Sneha Nair,Male,52.0,Coimbatore,Tamil Nadu,South,2026-02-02
C01100,Riya Nair,Female,60.0,Jaipur,Rajasthan,North,2024-10-23
C01101,Vivaan Rathod,Male,36.0,Thane,Maharashtra,West,2024-12-08
C01102,Rohan Nair,Female,53.0,Kolkata,West Bengal,East,2024-03-21
C01103,Diya Patel,Female,36.0,Nashik,Maharashtra,West,2025-04-28
C01104,Neha Malhotra,Female,34.0,Mumbai,Maharashtra,West,2026-02-09
C01105,Neha Mehta,Female,30.0,Vadodara,Gujarat,West,2025-01-22
C01106,Rahul Rathod,Male,47.0,Madurai,Tamil Nadu,South,2025-07-31
C01107,Meera Malhotra,Female,65.0,Thiruvananthapuram,Kerala,South,2025-10-27
C01108,Aarav Malhotra,Female,38.0,Surat,Gujarat,West,2025-07-22
C01109,Meera Shah,Female,29.0,Lucknow,Uttar Pradesh,North,2026-02-01
C01110,Riya Nair,Male,36.0,Dombivli,Maharashtra,West,2025-08-08
C01111,Sneha Sharma,Male,61.0,Jodhpur,Rajasthan,North,2025-05-22
C01112,Kabir Gupta,Male,46.0,Kozhikode,Kerala,South,2024-08-16
C01113,Aditya Joshi,Female,64.0,Kanpur,Uttar Pradesh,North,2024-11-18
C01114,Kavya Patel,Male,62.0,Pune,Maharashtra,West,2024-11-06
C01115,Aditya Patel,Female,38.0,Udaipur,Rajasthan,North,2025-01-17
C01116,Ananya Malhotra,Male,25.0,Nashik,Maharashtra,West,2024-07-04
C01117,Ira Kulkarni,Male,64.0,Kozhikode,Kerala,South,2025-07-03
C01118,Kabir Shah,Female,45.0,Madurai,Tamil Nadu,South,2025-08-23
C01119,Rohan Verma,Male,37.0,Warangal,Telangana,South,2025-08-25
C01120,Manav Verma,Female,53.0,Mysuru,Karnataka,South,2024-06-03
C01121,Manav Singh,Male,29.0,Mumbai,Maharashtra,West,2025-10-22
C01122,Sneha Patel,Female,41.0,Madurai,Tamil Nadu,South,2025-03-17
C01123,Diya Malhotra,Female,58.0,Kolkata,West Bengal,East,2024-07-22
C01124,Rahul Khan,Male,54.0,Nashik,Maharashtra,West,2025-05-04
C01125,Meera Patel,Male,56.0,Coimbatore,Tamil Nadu,South,2025-04-28
C01126,Vivaan Mehta,Female,43.0,Mumbai,Maharashtra,West,2025-10-18
C01127,Vivaan Iyer,Male,63.0,Mysuru,Karnataka,South,2024-10-13
C01128,Kabir Iyer,Female,36.0,Jaipur,Rajasthan,North,2025-08-24
C01129,Rahul Joshi,Male,35.0,Mangaluru,Karnataka,South,2024-08-01
C01130,Rahul Patel,Male,32.0,Hyderabad,Telangana,South,2025-11-28
C01131,Kavya Patel,Male,40.0,Coimbatore,Tamil Nadu,South,2024-12-11
C01132,Riya Iyer,Male,38.0,Jodhpur,Rajasthan,North,2025-07-17
C01133,Meera Singh,Female,20.0,Nagpur,Maharashtra,West,2024-08-28
C01134,Meera Nair,Female,48.0,Nagpur,Maharashtra,West,2025-09-02
C01135,Ananya Malhotra,Female,49.0,Kanpur,Uttar Pradesh,North,2024-03-03
C01136,Vivaan Malhotra,Male,25.0,Hyderabad,Telangana,South,2024-04-16
C01137,Aditya Mehta,Male,19.0,Thiruvananthapuram,Kerala,South,2024-10-09
C01138,Meera Shah,Male,63.0,Hyderabad,Telangana,South,2025-10-13
C01139,Kavya Rathod,Female,27.0,Kanpur,Uttar Pradesh,North,2025-09-05
C01140,Arjun Shah,Female,65.0,Dombivli,Maharashtra,West,2025-05-30
C01141,Meera Joshi,Female,22.0,Chennai,Tamil Nadu,South,2025-08-14
C01142,Rahul Sharma,Male,40.0,Chennai,Tamil Nadu,South,2024-01-08
C01143,Neha Sharma,Female,43.0,New Delhi,Delhi,North,2025-11-22
C01144,Riya Nair,Male,64.0,Madurai,Tamil Nadu,South,2024-07-20
C01145,Manav Iyer,Female,54.0,Kanpur,Uttar Pradesh,North,2025-07-07
C01146,Neha Malhotra,Male,36.0,Jaipur,Rajasthan,North,2024-10-28
C01147,Vivaan Khan,Other,46.0,Noida,Uttar Pradesh,North,2024-11-01
C01148,Riya Shah,Male,34.0,Nashik,Maharashtra,West,2024-07-02
C01149,Ananya Shah,Male,19.0,Kochi,Kerala,South,2025-05-10
C01150,Karan Iyer,Female,43.0,Bengaluru,Karnataka,South,2024-02-04
C01151,Meera Shah,Male,47.0,Kochi,Kerala,South,2025-10-11
C01152,Priya Mehta,Male,19.0,Dombivli,Maharashtra,West,2024-01-07
C01153,Ananya Joshi,Male,48.0,Surat,Gujarat,West,2025-09-24
C01154,Neha Nair,Female,23.0,Kolkata,West Bengal,East,2025-08-11
C01155,Rohan Mehta,Female,49.0,New Delhi,Delhi,North,2025-08-15
C01156,Ira Singh,Female,27.0,Noida,Uttar Pradesh,North,2025-08-26
C01157,Kavya Khan,Male,51.0,Thiruvananthapuram,Kerala,South,2024-06-09
C01158,Aarav Desai,Female,27.0,Hyderabad,Telangana,South,2026-01-17
C01159,Ananya Sharma,Female,19.0,Thiruvananthapuram,Kerala,South,2024-06-27
C01160,Aarav Shah,Male,41.0,Mangaluru,Karnataka,South,2025-12-28
C01161,Aisha Shah,Female,20.0,Jodhpur,Rajasthan,North,2025-01-28
C01162,Aditya Kulkarni,Male,60.0,Nagpur,Maharashtra,West,2024-12-14
C01163,Rahul Desai,Male,55.0,Noida,Uttar Pradesh,North,2025-03-26
C01164,Rahul Nair,Male,35.0,Pune,Maharashtra,West,2024-04-18
C01165,Aditya Sharma,Male,22.0,Bengaluru,Karnataka,South,2024-04-20
C01166,Priya Mehta,Female,18.0,Kochi,Kerala,South,2024-09-15
C01167,Ananya Khan,Male,58.0,Chennai,Tamil Nadu,South,2024-08-04
C01168,Arjun Mehta,Male,56.0,Pune,Maharashtra,West,2025-03-08
C01169,Arjun Kulkarni,Male,36.0,Mysuru,Karnataka,South,2024-12-08
C01170,Kabir Khan,Female,18.0,Mumbai,Maharashtra,West,2025-06-01
C01171,Rahul Kulkarni,Male,23.0,Rajkot,Gujarat,West,2025-05-12
C01172,Neha Rathod,Female,25.0,New Delhi,Delhi,North,2024-02-05
C01173,Kavya Verma,Other,63.0,Thane,Maharashtra,West,2024-12-17
C01174,Ishaan Rathod,Female,32.0,Pune,Maharashtra,West,2025-12-26
C01175,Vivaan Joshi,Male,27.0,Mumbai,Maharashtra,West,2024-03-05
C01176,Priya Desai,Male,35.0,Hyderabad,Telangana,South,2025-02-08
C01177,Rahul Kulkarni,Male,60.0,Madurai,Tamil Nadu,South,2026-02-28
C01178,Rahul Sharma,Male,40.0,Pune,Maharashtra,West,2024-12-04
C01179,Karan Desai,Male,57.0,Kanpur,Uttar Pradesh,North,2024-03-10
C01180,Priya Mehta,Female,31.0,Nashik,Maharashtra,West,2024-02-01
C01181,Karan Kulkarni,Female,19.0,Thiruvananthapuram,Kerala,South,2024-09-14
C01182,Manav Sharma,Male,60.0,Udaipur,Rajasthan,North,2025-08-06
C01183,Ishaan Malhotra,Female,61.0,Ahmedabad,Gujarat,West,2025-08-09
C01184,Ira Mehta,Female,42.0,Mysuru,Karnataka,South,2024-02-29
C01185,Riya Rathod,Female,59.0,Nashik,Maharashtra,West,2025-11-12
C01186,Ira Nair,Male,57.0,Noida,Uttar Pradesh,North,2025-10-13
C01187,Vivaan Kulkarni,Male,62.0,Bengaluru,Karnataka,South,2024-04-11
C01188,Neha Nair,Female,52.0,Agra,Uttar Pradesh,North,2024-09-23
C01189,Vivaan Kulkarni,Female,47.0,Hyderabad,Telangana,South,2024-05-09
C01190,Neha Kulkarni,Male,46.0,Hyderabad,Telangana,South,2025-04-27
C01191,Neha Joshi,Female,46.0,Jaipur,Rajasthan,North,2026-02-21
C01192,Rohan Shah,Female,65.0,New Delhi,Delhi,North,2025-05-16
C01193,Arjun Gupta,Male,57.0,Madurai,Tamil Nadu,South,2024-12-10
C01194,Neha Patel,Male,49.0,Coimbatore,Tamil Nadu,South,2024-05-23
C01195,Aarav Patel,Male,19.0,Nashik,Maharashtra,West,2025-12-21
C01196,Ira Khan,Female,61.0,Thane,Maharashtra,West,2025-06-20
C01197,Rahul Rathod,Male,24.0,Kochi,Kerala,South,2024-12-31
C01198,Rohan Joshi,Female,65.0,Chennai,Tamil Nadu,South,2025-11-05
C01199,Manav Malhotra,Female,56.0,Kochi,Kerala,South,2026-03-02
C01200,Kabir Gupta,Male,63.0,Noida,Uttar Pradesh,North,2024-02-28
C01201,Ishaan Shah,Female,21.0,New Delhi,Delhi,North,2024-02-22
C01202,Rohan Kulkarni,Female,30.0,Nagpur,Maharashtra,West,2025-03-31
C01203,Meera Sharma,Female,47.0,Mysuru,Karnataka,South,2024-12-31
C01204,Diya Singh,Male,58.0,Jodhpur,Rajasthan,North,2025-05-04
C01205,Kavya Sharma,Female,52.0,Agra,Uttar Pradesh,North,2024-08-13
C01206,Meera Iyer,Male,33.0,Noida,Uttar Pradesh,North,2025-05-08
C01207,Karan Khan,Male,41.0,Kochi,Kerala,South,2024-02-24
C01208,Ananya Nair,Female,48.0,Chennai,Tamil Nadu,South,2024-09-19
C01209,Aditya Patel,Male,19.0,Mangaluru,Karnataka,South,2026-02-09
C01210,Ananya Desai,Male,27.0,Mangaluru,Karnataka,South,2025-01-22
C01211,Kabir Desai,Male,48.0,Dombivli,Maharashtra,West,2024-01-09
C01212,Meera Joshi,Female,30.0,Hyderabad,Telangana,South,2024-12-22
C01213,Neha Desai,Female,36.0,Pune,Maharashtra,West,2025-11-18
C01214,Ishaan Shah,Female,28.0,Nagpur,Maharashtra,West,2026-02-05
C01215,Ananya Desai,Other,21.0,New Delhi,Delhi,North,2025-02-28
C01216,Manav Khan,Other,37.0,Ahmedabad,Gujarat,West,2024-12-13
C01217,Kavya Shah,Female,55.0,Madurai,Tamil Nadu,South,2024-08-15
C01218,Diya Iyer,Other,18.0,Lucknow,Uttar Pradesh,North,2024-10-22
C01219,Rohan Shah,Female,43.0,Hyderabad,Telangana,South,2025-10-05
C01220,Riya Rathod,Male,35.0,Agra,Uttar Pradesh,North,2024-11-24
C01221,Rohan Verma,Male,59.0,Udaipur,Rajasthan,North,2025-01-01
C01222,Kavya Iyer,Female,43.0,Jodhpur,Rajasthan,North,2024-02-15
C01223,Arjun Gupta,Male,34.0,Thane,Maharashtra,West,2025-12-05
C01224,Rohan Khan,Female,47.0,Rajkot,Gujarat,West,2024-08-15
C01225,Kabir Gupta,Female,54.0,Kolkata,West Bengal,East,2024-09-25
C01226,Diya Kulkarni,Female,30.0,Thiruvananthapuram,Kerala,South,2025-05-20
C01227,Rohan Nair,Female,56.0,Dombivli,Maharashtra,West,2025-07-30
C01228,Ananya Sharma,Female,22.0,Vadodara,Gujarat,West,2026-02-12
C01229,Aditya Verma,Female,26.0,Kanpur,Uttar Pradesh,North,2025-12-20
C01230,Neha Kulkarni,Female,31.0,Mumbai,Maharashtra,West,2026-01-05
C01231,Ira Desai,Female,54.0,New Delhi,Delhi,North,2025-02-23
C01232,Ira Shah,Male,50.0,Agra,Uttar Pradesh,North,2024-01-09
C01233,Ira Patel,Male,51.0,Kozhikode,Kerala,South,2025-11-03
C01234,Riya Gupta,Male,29.0,Rajkot,Gujarat,West,2024-11-09
C01235,Kavya Nair,Male,62.0,Bengaluru,Karnataka,South,2024-09-08
C01236,Rohan Shah,Male,54.0,Thane,Maharashtra,West,2024-12-08
C01237,Ananya Sharma,Male,40.0,Warangal,Telangana,South,2026-02-06
C01238,Aisha Malhotra,Female,34.0,Madurai,Tamil Nadu,South,2025-07-01
C01239,Ira Nair,Male,56.0,Thiruvananthapuram,Kerala,South,2024-06-01
C01240,Aisha Joshi,Male,45.0,Chennai,Tamil Nadu,South,2024-02-12
C01241,Sneha Joshi,Male,52.0,Mangaluru,Karnataka,South,2025-06-10
C01242,Aisha Patel,Male,55.0,New Delhi,Delhi,North,2024-06-04
C01243,Aarav Iyer,Male,40.0,Bengaluru,Karnataka,South,2024-07-16
C01244,Manav Desai,Female,62.0,Mangaluru,Karnataka,South,2024-08-16
C01245,Kavya Shah,Female,34.0,Hyderabad,Telangana,South,2025-01-09
C01246,Karan Singh,Male,19.0,Thane,Maharashtra,West,2025-01-18
C01247,Diya Malhotra,Male,20.0,Chennai,Tamil Nadu,South,2025-09-08
C01248,Ananya Khan,Male,29.0,New Delhi,Delhi,North,2024-05-29
C01249,Aisha Malhotra,Female,20.0,Kanpur,Uttar Pradesh,North,2026-01-24
C01250,Neha Patel,Female,55.0,Surat,Gujarat,West,2025-03-28
C01251,Arjun Patel,Other,32.0,Nagpur,Maharashtra,West,2025-02-21
C01252,Aarav Iyer,Female,33.0,Pune,Maharashtra,West,2026-01-18
C01253,Kabir Iyer,Male,63.0,Vadodara,Gujarat,West,2025-09-20
C01254,Aditya Singh,Male,22.0,Kanpur,Uttar Pradesh,North,2026-01-18
C01255,Ananya Joshi,Male,25.0,Vadodara,Gujarat,West,2025-04-10
C01256,Rohan Kulkarni,Female,42.0,Surat,Gujarat,West,2024-08-29
C01257,Aarav Iyer,Female,39.0,Warangal,Telangana,South,2024-09-29
C01258,Vivaan Singh,Other,63.0,Noida,Uttar Pradesh,North,2025-08-03
C01259,Priya Khan,Male,37.0,Hyderabad,Telangana,South,2026-01-17
C01260,Karan Desai,Female,36.0,New Delhi,Delhi,North,2025-05-12
C01261,Ishaan Joshi,Female,48.0,Mumbai,Maharashtra,West,2024-11-03
C01262,Aditya Iyer,Female,36.0,New Delhi,Delhi,North,2025-09-01
C01263,Ananya Desai,Male,59.0,Madurai,Tamil Nadu,South,2025-12-27
C01264,Aisha Desai,Female,61.0,Coimbatore,Tamil Nadu,South,2026-02-12
C01265,Rahul Rathod,Female,25.0,Agra,Uttar Pradesh,North,2024-01-02
C01266,Kabir Malhotra,Male,38.0,Nagpur,Maharashtra,West,2024-12-28
C01267,Sneha Nair,Male,61.0,Noida,Uttar Pradesh,North,2026-02-17
C01268,Sneha Desai,Male,52.0,Kozhikode,Kerala,South,2024-10-23
C01269,Aarav Desai,Female,54.0,Noida,Uttar Pradesh,North,2025-02-23
C01270,Manav Kulkarni,Male,31.0,Rajkot,Gujarat,West,2025-01-03
C01271,Ishaan Desai,Female,65.0,Mangaluru,Karnataka,South,2025-04-05
C01272,Rahul Joshi,Female,41.0,Jodhpur,Rajasthan,North,2025-03-23
C01273,Diya Malhotra,Male,34.0,New Delhi,Delhi,North,2025-05-09
C01274,Aarav Singh,Male,24.0,Warangal,Telangana,South,2024-10-12
C01275,Diya Patel,Female,65.0,Kolkata,West Bengal,East,2025-03-06
C01276,Ishaan Gupta,Male,28.0,Mangaluru,Karnataka,South,2025-07-21
C01277,Aditya Singh,Female,34.0,Dombivli,Maharashtra,West,2025-09-14
C01278,Sneha Iyer,Male,26.0,Mangaluru,Karnataka,South,2025-11-13
C01279,Rohan Verma,Male,59.0,Coimbatore,Tamil Nadu,South,2025-01-23
C01280,Ira Sharma,Male,49.0,Hyderabad,Telangana,South,2025-03-19
C01281,Rahul Kulkarni,Female,62.0,Surat,Gujarat,West,2024-11-07
C01282,Riya Nair,Female,38.0,Surat,Gujarat,West,2024-12-02
C01283,Priya Patel,Female,28.0,Bengaluru,Karnataka,South,2025-05-03
C01284,Aisha Khan,Female,24.0,Warangal,Telangana,South,2025-01-13
C01285,Aisha Khan,Male,27.0,Kolkata,West Bengal,East,2025-02-20
C01286,Neha Patel,Male,31.0,Mangaluru,Karnataka,South,2024-07-01
C01287,Ira Sharma,Female,61.0,Thiruvananthapuram,Kerala,South,2024-02-27
C01288,Vivaan Desai,Female,40.0,New Delhi,Delhi,North,2024-04-24
C01289,Riya Joshi,Female,57.0,Udaipur,Rajasthan,North,2025-03-09
C01290,Kabir Mehta,Female,53.0,Coimbatore,Tamil Nadu,South,2024-08-07
C01291,Vivaan Desai,Female,53.0,Rajkot,Gujarat,West,2024-06-22
C01292,Aditya Sharma,Female,61.0,Bengaluru,Karnataka,South,2024-02-06
C01293,Arjun Patel,Other,63.0,Vadodara,Gujarat,West,2024-06-02
C01294,Neha Mehta,Male,40.0,Rajkot,Gujarat,West,2025-09-25
C01295,Neha Kulkarni,Male,24.0,Bengaluru,Karnataka,South,2025-01-12
C01296,Aditya Singh,Male,47.0,Lucknow,Uttar Pradesh,North,2025-01-20
C01297,Arjun Shah,Female,57.0,Udaipur,Rajasthan,North,2024-08-03
C01298,Meera Gupta,Male,64.0,Kanpur,Uttar Pradesh,North,2025-11-16
C01299,Kavya Kulkarni,Male,44.0,Jaipur,Rajasthan,North,2024-05-03
C01300,Ishaan Kulkarni,Male,45.0,Kozhikode,Kerala,South,2024-03-21
C01301,Vivaan Sharma,Female,50.0,Ahmedabad,Gujarat,West,2025-09-17
C01302,Aarav Mehta,Male,42.0,Madurai,Tamil Nadu,South,2025-10-01
C01303,Kabir Gupta,Female,54.0,Bengaluru,Karnataka,South,2024-08-18
C01304,Meera Singh,Female,46.0,Lucknow,Uttar Pradesh,North,2026-01-03
C01305,Diya Sharma,Male,44.0,Surat,Gujarat,West,2024-07-27
C01306,Karan Khan,Male,45.0,Noida,Uttar Pradesh,North,2025-01-10
C01307,Kavya Desai,Male,55.0,Agra,Uttar Pradesh,North,2026-03-01
C01308,Karan Shah,Female,59.0,Thiruvananthapuram,Kerala,South,2026-01-19
C01309,Aisha Iyer,Female,33.0,Lucknow,Uttar Pradesh,North,2025-08-11
C01310,Aarav Sharma,Female,58.0,Mangaluru,Karnataka,South,2025-01-04
C01311,Rahul Sharma,Male,57.0,Mangaluru,Karnataka,South,2025-10-26
C01312,Aarav Mehta,Female,43.0,Mysuru,Karnataka,South,2024-11-09
C01313,Ira Kulkarni,Male,44.0,New Delhi,Delhi,North,2024-11-21
C01314,Kabir Sharma,Male,54.0,Thane,Maharashtra,West,2024-11-06
C01315,Kabir Patel,Male,44.0,New Delhi,Delhi,North,2024-06-15
C01316,Neha Desai,Female,45.0,Thane,Maharashtra,West,2025-01-30
C01317,Priya Sharma,Female,53.0,Pune,Maharashtra,West,2026-02-27
C01318,Riya Khan,Male,24.0,New Delhi,Delhi,North,2025-03-20
C01319,Riya Iyer,Female,25.0,Kochi,Kerala,South,2025-12-03
C01320,Kavya Khan,Male,20.0,Kozhikode,Kerala,South,2024-02-28
C01321,Kabir Mehta,Female,27.0,Chennai,Tamil Nadu,South,2024-12-03
C01322,Diya Sharma,Male,55.0,Chennai,Tamil Nadu,South,2025-11-29
C01323,Rohan Joshi,Male,56.0,Kolkata,West Bengal,East,2024-10-25
C01324,Rahul Patel,Male,26.0,Mangaluru,Karnataka,South,2025-01-22
C01325,Ishaan Rathod,Female,51.0,Hyderabad,Telangana,South,2024-06-20
C01326,Neha Sharma,Male,28.0,Thane,Maharashtra,West,2025-05-11
C01327,Kabir Sharma,Female,44.0,Udaipur,Rajasthan,North,2024-02-02
C01328,Meera Verma,Male,65.0,Hyderabad,Telangana,South,2025-09-08
C01329,Neha Mehta,Female,31.0,Nashik,Maharashtra,West,2025-10-11
C01330,Rahul Desai,Other,23.0,Kanpur,Uttar Pradesh,North,2024-04-05
C01331,Ananya Iyer,Male,63.0,Mysuru,Karnataka,South,2025-11-24
C01332,Aarav Sharma,Male,18.0,New Delhi,Delhi,North,2024-07-25
C01333,Ishaan Malhotra,Female,65.0,Mangaluru,Karnataka,South,2024-03-01
C01334,Arjun Patel,Male,20.0,Hyderabad,Telangana,South,2024-07-07
C01335,Rahul Khan,Female,29.0,Pune,Maharashtra,West,2024-02-04
C01336,Ananya Desai,Male,32.0,Lucknow,Uttar Pradesh,North,2024-08-04
C01337,Rohan Kulkarni,Male,34.0,Bengaluru,Karnataka,South,2024-09-19
C01338,Ira Kulkarni,Male,31.0,Vadodara,Gujarat,West,2024-07-06
C01339,Aditya Malhotra,Male,58.0,Chennai,Tamil Nadu,South,2024-10-05
C01340,Diya Singh,Male,63.0,Mumbai,Maharashtra,West,2024-01-11
C01341,Aarav Gupta,Female,20.0,Thiruvananthapuram,Kerala,South,2024-06-16
C01342,Manav Iyer,Male,36.0,Bengaluru,Karnataka,South,2025-11-11
C01343,Aditya Kulkarni,Male,55.0,Ahmedabad,Gujarat,West,2024-07-09
C01344,Sneha Gupta,Female,61.0,New Delhi,Delhi,North,2024-10-18
C01345,Manav Iyer,Male,52.0,Thane,Maharashtra,West,2026-01-09
C01346,Diya Joshi,Male,39.0,Bengaluru,Karnataka,South,2024-04-23
C01347,Karan Desai,Male,22.0,Surat,Gujarat,West,2024-04-16
C01348,Arjun Mehta,Male,29.0,Coimbatore,Tamil Nadu,South,2025-03-19
C01349,Arjun Sharma,Male,53.0,Noida,Uttar Pradesh,North,2025-06-04
C01350,Meera Sharma,Female,30.0,Jaipur,Rajasthan,North,2025-06-07
C01351,Neha Joshi,Male,28.0,Ahmedabad,Gujarat,West,2026-01-30
C01352,Aarav Sharma,Female,60.0,Mumbai,Maharashtra,West,2025-02-02
C01353,Ishaan Malhotra,Male,33.0,Nashik,Maharashtra,West,2024-03-18
C01354,Aarav Khan,Male,55.0,Dombivli,Maharashtra,West,2024-12-29
C01355,Neha Joshi,Female,59.0,Kanpur,Uttar Pradesh,North,2025-07-14
C01356,Priya Malhotra,Male,45.0,New Delhi,Delhi,North,2025-08-01
C01357,Riya Nair,Male,39.0,Ahmedabad,Gujarat,West,2024-01-26
C01358,Arjun Kulkarni,Female,58.0,Nagpur,Maharashtra,West,2025-11-01
C01359,Kabir Iyer,Female,38.0,Mangaluru,Karnataka,South,2025-05-28
C01360,Ira Khan,Female,27.0,Mysuru,Karnataka,South,2024-01-14
C01361,Priya Patel,Male,19.0,Kolkata,West Bengal,East,2024-04-23
C01362,Vivaan Iyer,Female,47.0,Agra,Uttar Pradesh,North,2024-09-15
C01363,Aarav Malhotra,Female,39.0,Madurai,Tamil Nadu,South,2026-01-22
C01364,Rahul Rathod,Male,59.0,Kozhikode,Kerala,South,2024-12-16
C01365,Rahul Malhotra,Female,41.0,New Delhi,Delhi,North,2024-01-16
C01366,Rohan Joshi,Male,55.0,Surat,Gujarat,West,2025-08-04
C01367,Aarav Malhotra,Female,18.0,Mysuru,Karnataka,South,2024-03-24
C01368,Manav Singh,Female,45.0,Bengaluru,Karnataka,South,2024-11-19
C01369,Kavya Iyer,Male,37.0,Kochi,Kerala,South,2024-08-22
C01370,Aditya Gupta,Female,60.0,Coimbatore,Tamil Nadu,South,2025-01-22
C01371,Aditya Patel,Female,28.0,Mangaluru,Karnataka,South,2024-05-24
C01372,Aditya Singh,Male,59.0,Mysuru,Karnataka,South,2026-01-18
C01373,Kavya Sharma,Female,46.0,Thiruvananthapuram,Kerala,South,2025-12-18
C01374,Diya Rathod,Male,24.0,Mysuru,Karnataka,South,2025-01-25
C01375,Aditya Nair,Female,63.0,Thiruvananthapuram,Kerala,South,2024-01-26
C01376,Vivaan Gupta,Male,52.0,Noida,Uttar Pradesh,North,2024-02-19
C01377,Aisha Khan,Male,59.0,Ahmedabad,Gujarat,West,2025-01-16
C01378,Ira Rathod,Female,23.0,Bengaluru,Karnataka,South,2024-06-02
C01379,Aisha Malhotra,Female,44.0,Kolkata,West Bengal,East,2024-10-19
C01380,Ananya Rathod,Female,20.0,Nashik,Maharashtra,West,2024-01-18
C01381,Ira Joshi,Female,20.0,Kanpur,Uttar Pradesh,North,2025-08-10
C01382,Ananya Malhotra,Male,65.0,Coimbatore,Tamil Nadu,South,2024-10-08
C01383,Diya Singh,Male,40.0,Pune,Maharashtra,West,2025-08-12
C01384,Kavya Gupta,Female,42.0,Mumbai,Maharashtra,West,2026-03-01
C01385,Aarav Rathod,Male,56.0,Nagpur,Maharashtra,West,2024-02-17
C01386,Aditya Mehta,Male,34.0,Dombivli,Maharashtra,West,2025-10-27
C01387,Rohan Verma,Female,39.0,Kolkata,West Bengal,East,2024-10-30
C01388,Ananya Khan,Male,42.0,Pune,Maharashtra,West,2025-10-12
C01389,Ira Kulkarni,Female,50.0,Thiruvananthapuram,Kerala,South,2025-01-14
C01390,Kavya Kulkarni,Male,18.0,Kochi,Kerala,South,2024-07-01
C01391,Ira Kulkarni,Male,37.0,Dombivli,Maharashtra,West,2024-01-05
C01392,Neha Patel,Male,21.0,Rajkot,Gujarat,West,2024-01-14
C01393,Arjun Nair,Male,52.0,Mysuru,Karnataka,South,2025-06-29
C01394,Arjun Khan,Male,53.0,Kozhikode,Kerala,South,2024-12-11
C01395,Neha Mehta,Female,34.0,Nagpur,Maharashtra,West,2024-02-07
C01396,Neha Gupta,Male,54.0,Rajkot,Gujarat,West,2024-01-24
C01397,Karan Mehta,Female,44.0,Bengaluru,Karnataka,South,2024-06-30
C01398,Aarav Kulkarni,Male,55.0,Madurai,Tamil Nadu,South,2025-10-28
C01399,Manav Khan,Male,23.0,Dombivli,Maharashtra,West,2024-08-31
C01400,Aarav Sharma,Male,26.0,New Delhi,Delhi,North,2024-10-14
C01401,Sneha Mehta,Male,58.0,Mysuru,Karnataka,South,2025-06-27
C01402,Ananya Kulkarni,Female,20.0,Kolkata,West Bengal,East,2024-10-26
C01403,Vivaan Nair,Female,33.0,Rajkot,Gujarat,West,2025-10-06
C01404,Rohan Shah,Male,63.0,Nashik,Maharashtra,West,2025-06-10
C01405,Sneha Desai,Female,55.0,Pune,Maharashtra,West,2024-10-31
C01406,Rohan Patel,Female,51.0,Mysuru,Karnataka,South,2024-03-27
C01407,Ananya Shah,Male,43.0,Mysuru,Karnataka,South,2024-03-23
C01408,Diya Singh,Female,53.0,Mangaluru,Karnataka,South,2024-04-29
C01409,Sneha Gupta,Male,48.0,Surat,Gujarat,West,2025-07-08
C01410,Priya Verma,Female,64.0,Ahmedabad,Gujarat,West,2025-02-13
C01411,Manav Sharma,Female,54.0,Kanpur,Uttar Pradesh,North,2025-09-20
C01412,Aditya Patel,Female,52.0,Mangaluru,Karnataka,South,2025-05-12
C01413,Ishaan Iyer,Female,52.0,Mysuru,Karnataka,South,2024-12-29
C01414,Neha Joshi,Male,49.0,New Delhi,Delhi,North,2024-06-08
C01415,Kavya Desai,Male,41.0,Ahmedabad,Gujarat,West,2025-08-29
C01416,Arjun Khan,Male,22.0,Agra,Uttar Pradesh,North,2025-01-21
C01417,Vivaan Mehta,Male,61.0,New Delhi,Delhi,North,2024-04-02
C01418,Aisha Joshi,Male,57.0,Jaipur,Rajasthan,North,2024-07-16
C01419,Rahul Mehta,Male,40.0,Mumbai,Maharashtra,West,2025-07-18
C01420,Rohan Verma,Female,56.0,Nagpur,Maharashtra,West,2024-01-04
C01421,Kavya Joshi,Male,18.0,Mumbai,Maharashtra,West,2025-11-19
C01422,Ishaan Khan,Male,39.0,Udaipur,Rajasthan,North,2024-06-08
C01423,Arjun Sharma,Female,41.0,Kozhikode,Kerala,South,2025-12-09
C01424,Vivaan Khan,Other,41.0,Dombivli,Maharashtra,West,2025-12-20
C01425,Aditya Malhotra,Male,37.0,Pune,Maharashtra,West,2024-11-20
C01426,Rahul Malhotra,Female,51.0,Mysuru,Karnataka,South,2024-10-01
C01427,Kabir Joshi,Female,61.0,Mysuru,Karnataka,South,2024-09-15
C01428,Aisha Singh,Female,53.0,Dombivli,Maharashtra,West,2025-07-01
C01429,Arjun Malhotra,Female,39.0,Kozhikode,Kerala,South,2025-04-02
C01430,Sneha Mehta,Female,65.0,Noida,Uttar Pradesh,North,2025-11-13
C01431,Meera Verma,Female,18.0,Madurai,Tamil Nadu,South,2024-10-05
C01432,Riya Gupta,Female,23.0,Chennai,Tamil Nadu,South,2024-04-24
C01433,Manav Singh,Male,59.0,Mangaluru,Karnataka,South,2025-08-31
C01434,Ira Sharma,Female,54.0,Madurai,Tamil Nadu,South,2024-07-28
C01435,Karan Joshi,Male,56.0,Bengaluru,Karnataka,South,2025-04-18
C01436,Kabir Iyer,Male,29.0,Hyderabad,Telangana,South,2024-11-20
C01437,Ishaan Kulkarni,Female,43.0,Ahmedabad,Gujarat,West,2024-06-26
C01438,Vivaan Kulkarni,Female,44.0,Agra,Uttar Pradesh,North,2025-06-21
C01439,Aditya Kulkarni,Female,57.0,Dombivli,Maharashtra,West,2024-03-13
C01440,Rohan Nair,Male,59.0,Udaipur,Rajasthan,North,2025-07-26
C01441,Vivaan Shah,Male,53.0,Kochi,Kerala,South,2024-07-28
C01442,Rahul Verma,Female,23.0,Kolkata,West Bengal,East,2025-12-08
C01443,Ananya Sharma,Male,40.0,Thiruvananthapuram,Kerala,South,2025-10-06
C01444,Arjun Iyer,Female,26.0,Kanpur,Uttar Pradesh,North,2024-06-21
C01445,Rohan Mehta,Male,53.0,Surat,Gujarat,West,2025-09-29
C01446,Kabir Sharma,Female,32.0,Ahmedabad,Gujarat,West,2026-01-14
C01447,Ishaan Gupta,Male,23.0,Dombivli,Maharashtra,West,2024-10-01
C01448,Aisha Sharma,Female,29.0,Madurai,Tamil Nadu,South,2025-10-23
C01449,Arjun Kulkarni,Male,29.0,Bengaluru,Karnataka,South,2024-12-21
C01450,Riya Verma,Female,57.0,Warangal,Telangana,South,2025-08-30
C01451,Karan Kulkarni,Female,65.0,Thane,Maharashtra,West,2025-04-26
C01452,Rohan Shah,Female,60.0,Kolkata,West Bengal,East,2025-06-12
C01453,Ananya Patel,Male,39.0,Chennai,Tamil Nadu,South,2025-08-27
C01454,Manav Verma,Female,47.0,Kozhikode,Kerala,South,2025-08-02
C01455,Manav Joshi,Male,65.0,Nashik,Maharashtra,West,2025-03-09
C01456,Arjun Gupta,Female,35.0,Mysuru,Karnataka,South,2025-05-08
C01457,Meera Verma,Male,23.0,Madurai,Tamil Nadu,South,2025-07-25
C01458,Aarav Gupta,Male,29.0,Thiruvananthapuram,Kerala,South,2025-03-05
C01459,Karan Iyer,Male,63.0,Bengaluru,Karnataka,South,2025-09-15
C01460,Ananya Khan,Female,52.0,New Delhi,Delhi,North,2025-04-16
C01461,Diya Iyer,Male,28.0,Kolkata,West Bengal,East,2024-09-10
C01462,Riya Mehta,Female,58.0,Chennai,Tamil Nadu,South,2024-06-07
C01463,Ira Kulkarni,Female,27.0,Madurai,Tamil Nadu,South,2024-03-06
C01464,Karan Desai,Female,54.0,Madurai,Tamil Nadu,South,2025-05-21
C01465,Kabir Sharma,Female,55.0,Mangaluru,Karnataka,South,2025-05-02
C01466,Diya Kulkarni,Male,58.0,Bengaluru,Karnataka,South,2026-02-03
C01467,Meera Singh,Male,54.0,Chennai,Tamil Nadu,South,2024-07-28
C01468,Diya Desai,Male,51.0,Nashik,Maharashtra,West,2026-02-01
C01469,Ira Rathod,Male,58.0,Nagpur,Maharashtra,West,2024-02-20
C01470,Aarav Gupta,Male,64.0,Coimbatore,Tamil Nadu,South,2024-01-18
C01471,Arjun Nair,Female,63.0,Thiruvananthapuram,Kerala,South,2025-12-14
C01472,Neha Rathod,Male,59.0,Kanpur,Uttar Pradesh,North,2025-07-30
C01473,Aditya Sharma,Female,48.0,Nashik,Maharashtra,West,2024-03-16
C01474,Ishaan Sharma,Female,18.0,Thiruvananthapuram,Kerala,South,2024-01-26
C01475,Ira Patel,Female,63.0,Madurai,Tamil Nadu,South,2024-06-10
C01476,Meera Patel,Female,53.0,Kolkata,West Bengal,East,2025-10-13
C01477,Manav Nair,Male,45.0,Kochi,Kerala,South,2024-05-06
C01478,Rohan Kulkarni,Female,42.0,Mumbai,Maharashtra,West,2024-09-13
C01479,Rahul Rathod,Female,28.0,Mangaluru,Karnataka,South,2024-04-15
C01480,Ira Mehta,Male,29.0,Warangal,Telangana,South,2024-05-17
C01481,Diya Singh,Male,53.0,Kanpur,Uttar Pradesh,North,2024-01-26
C01482,Meera Sharma,Male,37.0,Dombivli,Maharashtra,West,2025-05-18
C01483,Manav Sharma,Female,35.0,New Delhi,Delhi,North,2025-04-07
C01484,Ananya Mehta,Female,64.0,Nashik,Maharashtra,West,2024-09-27
C01485,Sneha Shah,Female,43.0,Udaipur,Rajasthan,North,2024-08-11
C01486,Neha Kulkarni,Female,46.0,Kozhikode,Kerala,South,2025-06-07
C01487,Sneha Kulkarni,Male,64.0,Mangaluru,Karnataka,South,2026-01-23
C01488,Ira Joshi,Female,30.0,Kochi,Kerala,South,2024-10-27
C01489,Ira Mehta,Female,58.0,Mumbai,Maharashtra,West,2025-12-04
C01490,Rohan Khan,Female,65.0,Hyderabad,Telangana,South,2025-10-02
C01491,Aarav Khan,Male,34.0,Bengaluru,Karnataka,South,2025-08-28
C01492,Ananya Shah,Female,20.0,Warangal,Telangana,South,2024-04-04
C01493,Sneha Verma,Female,44.0,Mumbai,Maharashtra,West,2025-02-17
C01494,Kavya Kulkarni,Female,44.0,Dombivli,Maharashtra,West,2024-05-10
C01495,Diya Verma,Male,58.0,Coimbatore,Tamil Nadu,South,2025-04-08
C01496,Karan Khan,Female,44.0,New Delhi,Delhi,North,2025-05-21
C01497,Neha Singh,Male,28.0,Coimbatore,Tamil Nadu,South,2025-11-20
C01498,Aditya Gupta,Male,54.0,Pune,Maharashtra,West,2024-12-06
C01499,Ira Shah,Female,36.0,Jaipur,Rajasthan,North,2024-06-20
C01500,Aditya Sharma,Male,25.0,Thiruvananthapuram,Kerala,South,2025-07-25
