Return_ID,Order_ID,Return_Date,Return_Reason
R00001,O002545,2024-11-07,Size/Fit Issue
R00002,O007165,2024-11-19,Late Delivery
R00003,O002749,2024-12-19,Size/Fit Issue
R00004,O004550,2024-07-05,Changed Mind
R00005,O003709,2025-09-25,Size/Fit Issue
R00006,O002166,2026-01-26,Damaged Product
R00007,O002428,2025-08-16,Late Delivery
R00008,O000679,2024-06-07,Changed Mind
R00009,O002324,2026-02-01,damaged product
R00010,O004729,2025-05-11,Size/Fit Issue
R00011,O001468,2024-12-18,Damaged Product
R00012,O008125,2025-03-02,Wrong Product
R00013,O000762,2024-11-02,Damaged Product
R00014,O002283,2024-09-04,Size/Fit Issue
R00015,O003921,2024-09-05,Changed Mind
R00016,O006320,2025-07-23, Damaged Product 
R00017,O005091,2026-02-06,Late Delivery
R00018,O004866,2025-06-04,Product Not as Expected
R00019,O007315,2025-05-08,Wrong Product
R00020,O006781,2024-12-03,Size/Fit Issue
R00021,O004322,2025-05-12,Size/Fit Issue
R00022,O000034,2026-01-06,Changed Mind
R00023,O005466,2025-02-25,Changed Mind
R00024,O008343,2025-12-24,Changed Mind
R00025,O005470,2026-01-13,Wrong Product
R00026,O001128,,Product Not as Expected
R00027,O003623,2026-02-05,Size/Fit Issue
R00028,O006442,2024-04-19,Late Delivery
R00029,O005902,2024-06-11,Changed Mind
R00030,O001403,2025-08-24,Damaged Product
R00031,O004480,2026-04-12,Late Delivery
R00032,O000853,2026-02-17,Product Not as Expected
R00033,O001393,2026-03-13,Defective Product
R00034,O003569,2025-04-09,Late Delivery
R00035,O001304,2025-03-02,Damaged Product
R00036,O002966,2026-03-14,Product Not as Expected
R00037,O000018,2025-04-10,Wrong Product
R00038,O005521,2025-11-14,Changed Mind
R00039,O002031,2025-06-23,Changed Mind
R00040,O007197,2024-11-29,Size/Fit Issue
R00041,O007172,2024-08-22,Defective Product
R00042,O008142,2025-11-02,Defective Product
R00043,O006031,2025-12-03,Wrong Product
R00044,O002397,2024-05-14,Product Not as Expected
R00045,O001786,2025-11-17,Changed Mind
R00046,O007492,2025-03-18,Defective Product
R00047,O003092,2025-08-08,Size/Fit Issue
R00048,O001794,2025-03-17,Wrong Product
R00049,O000107,2024-05-27,Damaged Product
R00050,O006047,2025-08-07,Late Delivery
R00051,O007272,2025-06-08,Product Not as Expected
R00052,O007878,2024-09-05,Wrong Product
R00053,O008176,2026-01-14,Late Delivery
R00054,O006891,2025-02-26,Defective Product
R00055,O004612,2024-06-17,Wrong Product
R00056,O000982,2026-04-12,Damaged Product
R00057,O005759,2026-03-20,Damaged Product
R00058,O000234,2025-02-21,Wrong Product
R00059,O002904,2025-11-15,Product Not as Expected
R00060,O001310,2025-09-23,Defective Product
R00061,O002117,2026-03-16,Late Delivery
R00062,O001636,2026-02-15,Wrong Product
R00063,O001507,2025-06-30,Product Not as Expected
R00064,O001914,2024-08-15,Late Delivery
R00065,O001818,2025-10-29,Product Not as Expected
R00066,O005600,2026-01-29,Changed Mind
R00067,O000947,2024-10-18,Changed Mind
R00068,O005392,2024-05-20,Changed Mind
R00069,O008091,2026-02-28,Changed Mind
R00070,O007980,2025-04-16,Defective Product
R00071,O004663,2024-08-16,Product Not as Expected
R00072,O003334,2025-01-08,Defective Product
R00073,O000076,2025-07-25,Changed Mind
R00074,O006561,2025-10-28,Changed Mind
R00075,O005143,2024-06-11,Wrong Product
R00076,O000496,2025-03-16,Size/Fit Issue
R00077,O000061,2025-01-11,Defective Product
R00078,O006998,2026-03-01,Changed Mind
R00079,O004218,2024-12-09,Product Not as Expected
R00080,O003936,2024-12-16,Defective Product
R00081,O003404,2025-04-06,Wrong Product
R00082,O006645,2024-08-24,Late Delivery
R00083,O004804,2025-03-19,Late Delivery
R00084,O000378,2025-01-17,Damaged Product
R00085,O005119,2025-05-18,Product Not as Expected
R00086,O007243,2025-12-22,Damaged Product
R00087,O008431,2024-08-25,Wrong Product
R00088,O000103,2026-01-05,Late Delivery
R00089,O002772,2026-01-22,Wrong Product
R00090,O007633,2024-09-10,Size/Fit Issue
R00091,O007832,2024-07-20,Changed Mind
R00092,O007431,2025-06-30,Wrong Product
R00093,O004876,2025-10-01,Size/Fit Issue
R00094,O003889,2024-09-30,Late Delivery
R00095,O004190,2024-08-23,Damaged Product
R00096,O006477,2025-08-14,Defective Product
R00097,O004962,2025-08-31,Size/Fit Issue
R00098,O004702,2024-06-20,Defective Product
R00099,O007392,2025-01-24,Wrong Product
R00100,O007552,2024-07-15,Defective Product
R00101,O006936,2024-11-22,Defective Product
R00102,O003986,2024-09-05,Size/Fit Issue
R00103,O004532,2024-07-23,Late Delivery
R00104,O003031,2026-02-05,Damaged Product
R00105,O007184,2024-11-19,Wrong Product
R00106,O001018,2025-03-15,Size/Fit Issue
R00107,O002396,2025-08-28,Product Not as Expected
R00108,O004964,2025-09-26,Changed Mind
R00109,O000839,2025-05-06,Defective Product
R00110,O001779,2025-08-03,Late Delivery
R00111,O005130,2024-06-24,Damaged Product
R00112,O000024,2025-03-17,Size/Fit Issue
R00113,O004775,2026-02-05,Wrong Product
R00114,O002434,2025-09-16,Late Delivery
R00115,O002738,2026-03-31,Product Not as Expected
R00116,O005989,2024-11-22,Wrong Product
R00117,O008287,2025-04-02,Defective Product
R00118,O004007,2026-01-27,Product Not as Expected
R00119,O001948,2025-04-25,Product Not as Expected
R00120,O000207,2025-11-02,Late Delivery
R00121,O003578,2024-07-30,Product Not as Expected
R00122,O001359,2025-12-11,Damaged Product
R00123,O007970,2024-11-15,Product Not as Expected
R00124,O004349,2025-06-08,Wrong Product
R00125,O007753,2025-12-01,Defective Product
R00126,O003122,2025-09-02,Defective Product
R00127,O004384,2025-11-19,Defective Product
R00128,O007575,2025-02-07,Product Not as Expected
R00129,O000778,2025-03-09,Product Not as Expected
R00130,O004171,2025-10-19,Size/Fit Issue
R00131,O005549,2025-06-01,Changed Mind
R00132,O001996,2024-05-13,Size/Fit Issue
R00133,O002636,2024-05-15,Wrong Product
R00134,O000226,2024-06-29,Product Not as Expected
R00135,O003499,2025-12-01,Size/Fit Issue
R00136,O004226,2026-04-13,Size/Fit Issue
R00137,O007079,2024-05-14,Changed Mind
R00138,O002221,2024-05-08,Defective Product
R00139,O002516,2024-04-12,Damaged Product
R00140,O004616,2026-01-30,Product Not as Expected
R00141,O003435,2026-01-08,Size/Fit Issue
R00142,O006232,2025-12-18,Damaged Product
R00143,O002485,2024-09-09,Defective Product
R00144,O007617,2024-05-06,Wrong Product
R00145,O005015,2024-12-31,Product Not as Expected
R00146,O000958,2025-09-04,Product Not as Expected
R00147,O004604,2025-12-11,Product Not as Expected
R00148,O002092,2025-12-15,Size/Fit Issue
R00149,O006314,2025-06-02,Changed Mind
R00150,O007090,2025-03-11,Changed Mind
R00151,O007506,2025-02-07,Changed Mind
R00152,O002916,2025-12-21,Product Not as Expected
R00153,O003769,2025-08-14,Late Delivery
R00154,O007507,2025-03-07,Wrong Product
R00155,O007324,2024-09-26,Damaged Product
R00156,O007204,2025-02-07,Wrong Product
R00157,O004511,2025-08-27,Damaged Product
R00158,O004839,2024-12-17,Defective Product
R00159,O006613,2024-10-11,Product Not as Expected
R00160,O001073,2026-04-05,Defective Product
R00161,O005451,2024-12-13,Wrong Product
R00162,O005412,2025-02-13,Changed Mind
R00163,O005861,2025-02-25,Defective Product
R00164,O000210,2025-12-30,Size/Fit Issue
R00165,O003801,2025-07-09,Size/Fit Issue
R00166,O004845,2025-09-02,Size/Fit Issue
R00167,O008096,2025-02-25,Damaged Product
R00168,O002429,2024-05-01,Size/Fit Issue
R00169,O007789,2025-08-12,Changed Mind
R00170,O006878,2024-06-10,Changed Mind
R00171,O004795,2024-12-31,Wrong Product
R00172,O003482,2025-07-20,Late Delivery
R00173,O002803,2024-09-10,Defective Product
R00174,O008028,2024-04-27,Product Not as Expected
R00175,O004694,2024-07-10,Wrong Product
R00176,O008441,2025-01-24,Damaged Product
R00177,O001299,2025-06-01,Late Delivery
R00178,O003722,2025-04-19,Damaged Product
R00179,O001157,2025-01-17,Damaged Product
R00180,O005630,2026-02-14,Damaged Product
R00181,O007329,2025-12-06,Changed Mind
R00182,O000417,2024-09-28,Changed Mind
R00183,O000561,2025-12-17,Defective Product
R00184,O002235,2025-04-20,Late Delivery
R00185,O004882,2024-11-02,Size/Fit Issue
R00186,O008355,2024-08-02,Changed Mind
R00187,O002395,2025-06-14,Changed Mind
R00188,O001993,2026-01-30,Wrong Product
R00189,O002026,2025-03-15,Wrong Product
R00190,O003882,2025-04-18,Size/Fit Issue
R00191,O006456,2024-06-02,Damaged Product
R00192,O000277,2024-10-01,Size/Fit Issue
R00193,O002016,2026-01-31,Damaged Product
R00194,O001195,2025-06-06,Size/Fit Issue
R00195,O007105,2024-10-16,Product Not as Expected
R00196,O004615,2026-01-13,Size/Fit Issue
R00197,O003409,2025-08-17,Changed Mind
R00198,O002457,2024-07-01,Defective Product
R00199,O008248,2025-03-18,Product Not as Expected
R00200,O003805,2024-07-08,Defective Product
R00201,O007547,2025-02-10,Defective Product
R00202,O008463,2025-09-15,Late Delivery
R00203,O006247,2024-07-18,Changed Mind
R00204,O006323,2025-10-10,Size/Fit Issue
R00205,O006825,2024-04-19,Size/Fit Issue
R00206,O002557,2025-04-16,Late Delivery
R00207,O003567,2024-08-25,Defective Product
R00208,O000144,2025-06-12,Size/Fit Issue
R00209,O004858,2024-06-10,Damaged Product
R00210,O006261,2026-02-07,Damaged Product
R00211,O001730,2025-08-14,Wrong Product
R00212,O001026,2025-11-02,Size/Fit Issue
R00213,O008326,2025-06-12,Defective Product
R00214,O006591,2026-02-19,Product Not as Expected
R00215,O008338,2025-01-10,Late Delivery
R00216,O002631,2025-10-10,Damaged Product
R00217,O005696,2025-11-02,Defective Product
R00218,O002828,2026-02-23,Size/Fit Issue
R00219,O002001,2025-04-01,Late Delivery
R00220,O007934,2025-04-01,Size/Fit Issue
R00221,O003673,2024-09-23,Late Delivery
R00222,O000759,2024-12-15,Changed Mind
R00223,O001139,2024-11-08,Changed Mind
R00224,O006295,2024-07-03,Defective Product
R00225,O003443,2026-01-27,Damaged Product
R00226,O002833,2024-05-15,Changed Mind
R00227,O002604,2025-05-25,Changed Mind
R00228,O004556,2025-06-05,Late Delivery
R00229,O006445,2025-07-03,Size/Fit Issue
R00230,O004937,2025-01-18,Damaged Product
R00231,O000669,2024-06-10,Defective Product
R00232,O003455,2025-05-08,Wrong Product
R00233,O006150,2024-06-22,Changed Mind
R00234,O004010,2025-12-10,Changed Mind
R00235,O005364,2024-08-11,Damaged Product
R00236,O006629,2025-10-13,Changed Mind
R00237,O004310,2024-09-21,Late Delivery
R00238,O008236,2026-01-15,Defective Product
R00239,O006952,2025-08-25,Changed Mind
R00240,O002537,2025-06-12,Late Delivery
R00241,O000323,2025-02-22,Damaged Product
R00242,O006353,2024-10-25,Damaged Product
R00243,O003488,2026-02-12,Damaged Product
R00244,O001911,2025-01-07,Defective Product
R00245,O004961,2024-05-12,Damaged Product
R00246,O001545,2026-01-25,Damaged Product
R00247,O002315,2024-08-14,Product Not as Expected
R00248,O007573,2025-01-18,Defective Product
R00249,O001254,2024-09-30,Product Not as Expected
R00250,O004585,2026-02-28,Late Delivery
R00251,O006074,2025-06-11,Damaged Product
R00252,O007514,2025-07-15,Damaged Product
R00253,O005973,2025-03-20,Wrong Product
R00254,O007677,2024-09-06,Changed Mind
R00255,O002328,2024-07-09,Late Delivery
R00256,O005485,2025-10-30,Damaged Product
R00257,O006732,2024-04-14,Changed Mind
R00258,O003329,2025-02-07,Size/Fit Issue
R00259,O008359,2025-12-05,Defective Product
R00260,O003102,2026-04-02,Wrong Product
R00261,O004696,2026-02-17,Product Not as Expected
R00262,O004187,2025-11-10,Changed Mind
R00263,O007812,2024-09-15,Product Not as Expected
R00264,O007121,2024-08-19,Defective Product
R00265,O008480,2025-10-06,Damaged Product
R00266,O007933,2025-03-30,Size/Fit Issue
R00267,O000699,2025-03-22,Product Not as Expected
R00268,O002189,2025-06-07,Product Not as Expected
R00269,O000253,2024-12-24,Size/Fit Issue
R00270,O000859,2024-05-23,Changed Mind
R00271,O003555,2025-09-24,Wrong Product
R00272,O005878,2024-09-21,Changed Mind
R00273,O003691,2025-05-04,Wrong Product
R00274,O002298,2025-08-26,Wrong Product
R00275,O004920,2024-06-18,Size/Fit Issue
R00276,O000854,2026-02-16,Wrong Product
R00277,O008237,2025-10-04,Damaged Product
R00278,O007897,2025-07-07,Damaged Product
R00279,O001523,2024-09-17,Damaged Product
R00280,O007570,2024-05-03,Wrong Product
R00281,O001526,2026-02-17,Product Not as Expected
R00282,O003459,2024-07-28,Damaged Product
R00283,O005476,2025-09-23,Product Not as Expected
R00284,O001250,2026-01-03,Changed Mind
R00285,O004783,2026-02-01,Size/Fit Issue
R00286,O005766,2025-09-30,Late Delivery
R00287,O000631,2024-08-06,Defective Product
R00288,O003066,2024-10-22,Wrong Product
R00289,O000636,2026-04-22,Late Delivery
R00290,O003460,2025-11-04,Defective Product
R00291,O000634,2024-09-11,Product Not as Expected
R00292,O006179,2025-11-09,Damaged Product
R00293,O006943,2024-07-06,Damaged Product
R00294,O001902,2024-09-14,Size/Fit Issue
R00295,O005672,2024-10-26,Defective Product
R00296,O006256,2025-07-27,Defective Product
R00297,O003003,2025-02-18,Wrong Product
R00298,O007153,2025-12-14,Size/Fit Issue
R00299,O002151,2024-05-10,Wrong Product
R00300,O002313,2024-11-27,Product Not as Expected
R00301,O004026,2025-11-01,Product Not as Expected
R00302,O006327,2026-02-11,Damaged Product
R00303,O001032,2026-03-12,Wrong Product
R00304,O004630,2025-10-30,Defective Product
R00305,O006448,2025-06-02,Wrong Product
R00306,O002043,2025-09-12,Product Not as Expected
R00307,O000837,2025-05-18,Late Delivery
R00308,O004249,2024-04-25,Size/Fit Issue
R00309,O001498,2025-07-22,Size/Fit Issue
R00310,O000626,2025-06-25,Size/Fit Issue
R00311,O002775,2024-12-17,Defective Product
R00312,O003386,2025-01-23,Wrong Product
R00313,O003886,2025-03-06,Size/Fit Issue
R00314,O006679,2025-05-30,Damaged Product
R00315,O004674,2025-11-12,Damaged Product
R00316,O006677,2024-11-02,Size/Fit Issue
R00317,O003497,2026-01-22,Wrong Product
R00318,O007966,2025-08-30,Product Not as Expected
R00319,O002971,2024-07-08,Size/Fit Issue
R00320,O004037,2025-11-16,Defective Product
R00321,O000503,2025-08-03,Defective Product
R00322,O008300,2025-06-04,Late Delivery
R00323,O001224,2025-05-19,Changed Mind
R00324,O007670,2024-09-27,Product Not as Expected
R00325,O004976,2025-05-30,Product Not as Expected
R00326,O006708,2025-03-05,Damaged Product
R00327,O003796,2026-01-10,Product Not as Expected
R00328,O002878,2026-03-23,Defective Product
R00329,O002505,2024-05-07,Defective Product
R00330,O005377,2025-06-05,Product Not as Expected
R00331,O004541,2024-04-24,Damaged Product
R00332,O000705,2024-12-02,Late Delivery
R00333,O001063,2026-02-17,Late Delivery
R00334,O002081,2025-10-27,Product Not as Expected
R00335,O007150,2025-01-08,Damaged Product
R00336,O005718,2026-02-16,Product Not as Expected
R00337,O000850,2024-11-17,Defective Product
R00338,O005314,2025-03-23,Defective Product
R00339,O001405,2025-04-02,Wrong Product
R00340,O005805,2024-07-29,Size/Fit Issue
R00341,O005686,2025-06-20,Defective Product
R00342,O002074,2025-11-29,Changed Mind
R00343,O001729,2025-06-03,Changed Mind
R00344,O005210,2025-10-15,Damaged Product
R00345,O005382,2025-05-04,Defective Product
R00346,O005439,2024-06-04,Size/Fit Issue
R00347,O003793,2025-05-14,Product Not as Expected
R00348,O007952,2025-10-13,Changed Mind
R00349,O001553,2024-08-20,Late Delivery
R00350,O002197,2025-09-30,Changed Mind
R00351,O001240,2024-06-02,Defective Product
R00352,O008073,2025-09-21,Late Delivery
R00353,O002595,2025-07-23,Wrong Product
R00354,O003920,2026-01-12,Changed Mind
R00355,O004216,2025-08-05,Defective Product
R00356,O003408,2024-07-17,Size/Fit Issue
R00357,O003103,2024-09-03,Defective Product
R00358,O004377,2025-09-08,Defective Product
R00359,O003129,2025-07-22,Damaged Product
R00360,O002875,2026-03-24,Wrong Product
R00361,O003764,2025-09-14,Defective Product
R00362,O006500,2025-09-10,Wrong Product
R00363,O002707,2025-11-04,Changed Mind
R00364,O004853,2026-01-28,Size/Fit Issue
R00365,O005728,2026-01-19,Size/Fit Issue
R00366,O007557,2026-03-15,Size/Fit Issue
R00367,O005240,2026-02-26,Wrong Product
R00368,O004175,2025-06-08,Late Delivery
R00369,O007441,2024-08-22,Changed Mind
R00370,O006251,2025-08-15,Damaged Product
R00371,O005482,2025-07-14,Wrong Product
R00372,O003493,2025-04-04,Wrong Product
R00373,O003678,2025-10-28,Size/Fit Issue
R00374,O001399,2024-12-12,Late Delivery
R00375,O005310,2025-11-17,Damaged Product
R00376,O001508,2024-04-16,Size/Fit Issue
R00377,O008243,2024-07-09,Damaged Product
R00378,O002015,2025-07-12,Defective Product
R00379,O002782,2025-08-03,Size/Fit Issue
R00380,O002546,2025-10-28,Changed Mind
R00381,O002361,2024-12-01,Defective Product
R00382,O005858,2025-04-02,Size/Fit Issue
R00383,O004848,2025-09-14,Changed Mind
R00384,O005702,2025-01-09,Late Delivery
R00385,O007659,2024-11-07,Damaged Product
R00386,O006205,2025-01-31,Wrong Product
R00387,O002644,2026-02-12,Product Not as Expected
R00388,O006683,2025-08-02,Damaged Product
R00389,O005762,2024-07-02,Product Not as Expected
R00390,O005743,2025-11-22,Wrong Product
R00391,O003939,2025-08-14,Size/Fit Issue
R00392,O007726,2026-01-13,Defective Product
R00393,O008078,2026-03-30,Damaged Product
R00394,O003133,2025-08-10,Late Delivery
R00395,O004261,2024-12-27,Size/Fit Issue
R00396,O003794,2025-07-26,Wrong Product
R00397,O000487,2024-10-07,Product Not as Expected
R00398,O004723,2024-07-18,Size/Fit Issue
R00399,O000193,2025-12-05,Defective Product
R00400,O006156,2025-03-17,Product Not as Expected
R00401,O003431,2025-01-23,Size/Fit Issue
R00402,O007511,2024-10-25,Defective Product
R00403,O004982,2025-08-18,Damaged Product
R00404,O003963,2025-08-27,Wrong Product
R00405,O002931,2025-03-07,Size/Fit Issue
R00406,O000295,2025-02-05,Changed Mind
R00407,O005196,2024-05-17,Size/Fit Issue
R00408,O004975,2025-02-09,Changed Mind
R00409,O001105,2024-12-03,Size/Fit Issue
R00410,O000330,2024-11-09,Changed Mind
R00411,O002327,2024-09-08,Product Not as Expected
R00412,O002412,2026-01-17,Late Delivery
R00413,O004563,2025-02-01,Size/Fit Issue
R00414,O003638,2025-03-09,Wrong Product
R00415,O001309,2025-07-09,Changed Mind
R00416,O007386,2025-05-14,Size/Fit Issue
R00417,O007638,2024-05-07,Size/Fit Issue
R00418,O006185,2024-11-07,Product Not as Expected
R00419,O004505,2025-12-18,Product Not as Expected
R00420,O005570,2025-09-21,Defective Product
R00421,O004034,2024-12-08,Wrong Product
R00422,O008207,2025-12-10,Defective Product
R00423,O000268,2026-02-24,Wrong Product
R00424,O003603,2025-05-07,Wrong Product
R00425,O001715,2025-04-19,Size/Fit Issue
R00426,O000329,2026-01-19,Changed Mind
R00427,O001081,2024-05-15,Wrong Product
R00428,O002841,2025-12-30,Damaged Product
R00429,O005512,2026-02-01,Damaged Product
R00430,O001736,2025-11-08,Late Delivery
R00431,O008187,2025-01-26,Size/Fit Issue
R00432,O001655,2026-03-03,Product Not as Expected
R00433,O003040,2025-09-18,Changed Mind
R00434,O004375,2025-11-19,Changed Mind
R00435,O007760,2025-12-07,Wrong Product
R00436,O000576,2025-04-20,Changed Mind
R00437,O004717,2026-03-25,Product Not as Expected
R00438,O004889,2026-04-04,Late Delivery
R00439,O000371,2025-03-11,Product Not as Expected
R00440,O007572,2025-03-23,Size/Fit Issue
R00441,O007385,2025-04-21,Product Not as Expected
R00442,O008369,2025-05-24,Damaged Product
R00443,O004219,2025-11-26,Defective Product
R00444,O001798,2025-08-25,Damaged Product
R00445,O001035,2024-10-02,Damaged Product
R00446,O005848,2025-05-26,Size/Fit Issue
R00447,O002901,2025-12-22,Changed Mind
R00448,O007360,2024-09-13,Product Not as Expected
R00449,O006075,2026-03-31,Product Not as Expected
R00450,O005401,2024-12-28,Damaged Product
R00451,O006333,2025-03-30,Defective Product
R00452,O003726,2025-01-06,Size/Fit Issue
R00453,O007974,2026-02-26,Damaged Product
R00454,O004684,2025-06-23,Product Not as Expected
R00455,O000917,2024-09-13,Changed Mind
R00456,O000286,2026-01-31,Defective Product
R00457,O008400,2025-11-18,Defective Product
R00458,O004740,2026-04-16,Defective Product
R00459,O007532,2025-03-17,Size/Fit Issue
R00460,O000734,2025-09-19,Damaged Product
R00461,O000642,2026-02-04,Defective Product
R00462,O004082,2024-06-28,Damaged Product
R00463,O001737,2025-10-01,Wrong Product
R00464,O003178,2026-04-04,Size/Fit Issue
R00465,O002951,2024-07-18,Wrong Product
R00466,O001505,2025-08-12,Late Delivery
R00467,O007998,2024-05-20,Size/Fit Issue
R00468,O005967,2024-04-29,Product Not as Expected
R00469,O004965,2026-03-25,Defective Product
R00470,O004578,2024-11-17,Wrong Product
R00471,O002673,2024-05-16,Product Not as Expected
R00472,O003115,2026-04-05,Damaged Product
R00473,O005229,2024-12-30,Damaged Product
R00474,O001099,2025-03-01,Damaged Product
R00475,O001193,2024-07-27,Wrong Product
R00476,O008487,2025-03-26,Wrong Product
R00477,O005365,2024-07-08,Defective Product
R00478,O005493,2025-08-25,Damaged Product
R00479,O008460,2024-04-26,Product Not as Expected
R00480,O005046,2024-11-04,Changed Mind
R00481,O000556,2026-03-23,Product Not as Expected
R00482,O004444,2024-08-08,Late Delivery
R00483,O003198,2026-03-12,Wrong Product
R00484,O004592,2026-03-16,Defective Product
R00485,O004440,2024-05-20,Product Not as Expected
R00486,O002232,2025-04-25,Damaged Product
R00487,O007480,2025-05-21,Size/Fit Issue
R00488,O001307,2026-02-11,Late Delivery
R00489,O005955,2024-11-20,Wrong Product
R00490,O002305,2024-05-23,Changed Mind
R00491,O004841,2024-05-02,Product Not as Expected
R00492,O000289,2024-07-03,Size/Fit Issue
R00493,O002675,2025-01-03,Defective Product
R00494,O004984,2024-05-16,Size/Fit Issue
R00495,O003815,2024-09-19,Changed Mind
R00496,O003973,2025-12-28,Late Delivery
R00497,O003299,2025-06-08,Product Not as Expected
R00498,O007048,2025-12-18,Product Not as Expected
R00499,O000660,2024-09-16,Changed Mind
R00500,O008149,2025-02-22,Changed Mind
